ClassificationID,SourceInventoryID,TargetName,FullPath,RelativePath,Dimension,ProposedLabel,ConfidenceTier,ConfidenceReason,RequiresReview
CLS-20260802-160137,INV-20260802-142008,Music,/Users/eduardofgiovannini/Music/Music/Media.localized/Music/Andrade Downloads/Andrade Downloads/CD MUÍDO DE VAQUEJADA AO VIVO - JUNHO 2025 @AndradeDownloads.m4a,Music/Media.localized/Music/Andrade Downloads/Andrade Downloads/CD MUÍDO DE VAQUEJADA AO VIVO - JUNHO 2025 @AndradeDownloads.m4a,project-grouping,workspace:Music,High,Deterministic path read: top-level folder segment under the target root.,false
CLS-20260802-160137,INV-20260802-142008,Music,/Users/eduardofgiovannini/Music/Music/Media.localized/Music/Andrade Downloads/Andrade Downloads/CD MUÍDO DE VAQUEJADA AO VIVO - JUNHO 2025 @AndradeDownloads.m4a,Music/Media.localized/Music/Andrade Downloads/Andrade Downloads/CD MUÍDO DE VAQUEJADA AO VIVO - JUNHO 2025 @AndradeDownloads.m4a,file-type,audio,High,Extension .m4a matched the static type lookup.,false
CLS-20260802-160137,INV-20260802-142008,Music,/Users/eduardofgiovannini/Music/Music/Media.localized/.Media Preferences.plist,Music/Media.localized/.Media Preferences.plist,project-grouping,workspace:Music,High,Deterministic path read: top-level folder segment under the target root.,false
CLS-20260802-160137,INV-20260802-142008,Music,/Users/eduardofgiovannini/Music/Music/Media.localized/.Media Preferences.plist,Music/Media.localized/.Media Preferences.plist,file-type,unclassified-type,Low,Extension '[none]' is not in the static type lookup.,true
CLS-20260802-160137,INV-20260802-142008,Music,/Users/eduardofgiovannini/Music/Music/Media.localized/.localized/id.strings,Music/Media.localized/.localized/id.strings,project-grouping,workspace:Music,High,Deterministic path read: top-level folder segment under the target root.,false
CLS-20260802-160137,INV-20260802-142008,Music,/Users/eduardofgiovannini/Music/Music/Media.localized/.localized/id.strings,Music/Media.localized/.localized/id.strings,file-type,unclassified-type,Low,Extension 'strings' is not in the static type lookup.,true
CLS-20260802-160137,INV-20260802-142008,Music,/Users/eduardofgiovannini/Music/Music/Media.localized/.localized/es.strings,Music/Media.localized/.localized/es.strings,project-grouping,workspace:Music,High,Deterministic path read: top-level folder segment under the target root.,false
CLS-20260802-160137,INV-20260802-142008,Music,/Users/eduardofgiovannini/Music/Music/Media.localized/.localized/es.strings,Music/Media.localized/.localized/es.strings,file-type,unclassified-type,Low,Extension 'strings' is not in the static type lookup.,true
CLS-20260802-160137,INV-20260802-142008,Music,/Users/eduardofgiovannini/Music/Music/Media.localized/.localized/no.strings,Music/Media.localized/.localized/no.strings,project-grouping,workspace:Music,High,Deterministic path read: top-level folder segment under the target root.,false
CLS-20260802-160137,INV-20260802-142008,Music,/Users/eduardofgiovannini/Music/Music/Media.localized/.localized/no.strings,Music/Media.localized/.localized/no.strings,file-type,unclassified-type,Low,Extension 'strings' is not in the static type lookup.,true
CLS-20260802-160137,INV-20260802-142008,Music,/Users/eduardofgiovannini/Music/Music/Media.localized/.localized/zh_TW.strings,Music/Media.localized/.localized/zh_TW.strings,project-grouping,workspace:Music,High,Deterministic path read: top-level folder segment under the target root.,false
CLS-20260802-160137,INV-20260802-142008,Music,/Users/eduardofgiovannini/Music/Music/Media.localized/.localized/zh_TW.strings,Music/Media.localized/.localized/zh_TW.strings,file-type,unclassified-type,Low,Extension 'strings' is not in the static type lookup.,true
CLS-20260802-160137,INV-20260802-142008,Music,/Users/eduardofgiovannini/Music/Music/Media.localized/.localized/fi.strings,Music/Media.localized/.localized/fi.strings,project-grouping,workspace:Music,High,Deterministic path read: top-level folder segment under the target root.,false
CLS-20260802-160137,INV-20260802-142008,Music,/Users/eduardofgiovannini/Music/Music/Media.localized/.localized/fi.strings,Music/Media.localized/.localized/fi.strings,file-type,unclassified-type,Low,Extension 'strings' is not in the static type lookup.,true
CLS-20260802-160137,INV-20260802-142008,Music,/Users/eduardofgiovannini/Music/Music/Media.localized/.localized/ru.strings,Music/Media.localized/.localized/ru.strings,project-grouping,workspace:Music,High,Deterministic path read: top-level folder segment under the target root.,false
CLS-20260802-160137,INV-20260802-142008,Music,/Users/eduardofgiovannini/Music/Music/Media.localized/.localized/ru.strings,Music/Media.localized/.localized/ru.strings,file-type,unclassified-type,Low,Extension 'strings' is not in the static type lookup.,true
CLS-20260802-160137,INV-20260802-142008,Music,/Users/eduardofgiovannini/Music/Music/Media.localized/.localized/en.strings,Music/Media.localized/.localized/en.strings,project-grouping,workspace:Music,High,Deterministic path read: top-level folder segment under the target root.,false
CLS-20260802-160137,INV-20260802-142008,Music,/Users/eduardofgiovannini/Music/Music/Media.localized/.localized/en.strings,Music/Media.localized/.localized/en.strings,file-type,unclassified-type,Low,Extension 'strings' is not in the static type lookup.,true
CLS-20260802-160137,INV-20260802-142008,Music,/Users/eduardofgiovannini/Music/Music/Media.localized/.localized/es_419.strings,Music/Media.localized/.localized/es_419.strings,project-grouping,workspace:Music,High,Deterministic path read: top-level folder segment under the target root.,false
CLS-20260802-160137,INV-20260802-142008,Music,/Users/eduardofgiovannini/Music/Music/Media.localized/.localized/es_419.strings,Music/Media.localized/.localized/es_419.strings,file-type,unclassified-type,Low,Extension 'strings' is not in the static type lookup.,true
CLS-20260802-160137,INV-20260802-142008,Music,/Users/eduardofgiovannini/Music/Music/Media.localized/.localized/he.strings,Music/Media.localized/.localized/he.strings,project-grouping,workspace:Music,High,Deterministic path read: top-level folder segment under the target root.,false
CLS-20260802-160137,INV-20260802-142008,Music,/Users/eduardofgiovannini/Music/Music/Media.localized/.localized/he.strings,Music/Media.localized/.localized/he.strings,file-type,unclassified-type,Low,Extension 'strings' is not in the static type lookup.,true
CLS-20260802-160137,INV-20260802-142008,Music,/Users/eduardofgiovannini/Music/Music/Media.localized/.localized/uk.strings,Music/Media.localized/.localized/uk.strings,project-grouping,workspace:Music,High,Deterministic path read: top-level folder segment under the target root.,false
CLS-20260802-160137,INV-20260802-142008,Music,/Users/eduardofgiovannini/Music/Music/Media.localized/.localized/uk.strings,Music/Media.localized/.localized/uk.strings,file-type,unclassified-type,Low,Extension 'strings' is not in the static type lookup.,true
CLS-20260802-160137,INV-20260802-142008,Music,/Users/eduardofgiovannini/Music/Music/Media.localized/.localized/fr_CA.strings,Music/Media.localized/.localized/fr_CA.strings,project-grouping,workspace:Music,High,Deterministic path read: top-level folder segment under the target root.,false
CLS-20260802-160137,INV-20260802-142008,Music,/Users/eduardofgiovannini/Music/Music/Media.localized/.localized/fr_CA.strings,Music/Media.localized/.localized/fr_CA.strings,file-type,unclassified-type,Low,Extension 'strings' is not in the static type lookup.,true
CLS-20260802-160137,INV-20260802-142008,Music,/Users/eduardofgiovannini/Music/Music/Media.localized/.localized/nl.strings,Music/Media.localized/.localized/nl.strings,project-grouping,workspace:Music,High,Deterministic path read: top-level folder segment under the target root.,false
CLS-20260802-160137,INV-20260802-142008,Music,/Users/eduardofgiovannini/Music/Music/Media.localized/.localized/nl.strings,Music/Media.localized/.localized/nl.strings,file-type,unclassified-type,Low,Extension 'strings' is not in the static type lookup.,true
CLS-20260802-160137,INV-20260802-142008,Music,/Users/eduardofgiovannini/Music/Music/Media.localized/.localized/de.strings,Music/Media.localized/.localized/de.strings,project-grouping,workspace:Music,High,Deterministic path read: top-level folder segment under the target root.,false
CLS-20260802-160137,INV-20260802-142008,Music,/Users/eduardofgiovannini/Music/Music/Media.localized/.localized/de.strings,Music/Media.localized/.localized/de.strings,file-type,unclassified-type,Low,Extension 'strings' is not in the static type lookup.,true
CLS-20260802-160137,INV-20260802-142008,Music,/Users/eduardofgiovannini/Music/Music/Media.localized/.localized/ja.strings,Music/Media.localized/.localized/ja.strings,project-grouping,workspace:Music,High,Deterministic path read: top-level folder segment under the target root.,false
CLS-20260802-160137,INV-20260802-142008,Music,/Users/eduardofgiovannini/Music/Music/Media.localized/.localized/ja.strings,Music/Media.localized/.localized/ja.strings,file-type,unclassified-type,Low,Extension 'strings' is not in the static type lookup.,true
CLS-20260802-160137,INV-20260802-142008,Music,/Users/eduardofgiovannini/Music/Music/Media.localized/.localized/sk.strings,Music/Media.localized/.localized/sk.strings,project-grouping,workspace:Music,High,Deterministic path read: top-level folder segment under the target root.,false
CLS-20260802-160137,INV-20260802-142008,Music,/Users/eduardofgiovannini/Music/Music/Media.localized/.localized/sk.strings,Music/Media.localized/.localized/sk.strings,file-type,unclassified-type,Low,Extension 'strings' is not in the static type lookup.,true
CLS-20260802-160137,INV-20260802-142008,Music,/Users/eduardofgiovannini/Music/Music/Media.localized/.localized/hr.strings,Music/Media.localized/.localized/hr.strings,project-grouping,workspace:Music,High,Deterministic path read: top-level folder segment under the target root.,false
CLS-20260802-160137,INV-20260802-142008,Music,/Users/eduardofgiovannini/Music/Music/Media.localized/.localized/hr.strings,Music/Media.localized/.localized/hr.strings,file-type,unclassified-type,Low,Extension 'strings' is not in the static type lookup.,true
CLS-20260802-160137,INV-20260802-142008,Music,/Users/eduardofgiovannini/Music/Music/Media.localized/.localized/el.strings,Music/Media.localized/.localized/el.strings,project-grouping,workspace:Music,High,Deterministic path read: top-level folder segment under the target root.,false
CLS-20260802-160137,INV-20260802-142008,Music,/Users/eduardofgiovannini/Music/Music/Media.localized/.localized/el.strings,Music/Media.localized/.localized/el.strings,file-type,unclassified-type,Low,Extension 'strings' is not in the static type lookup.,true
CLS-20260802-160137,INV-20260802-142008,Music,/Users/eduardofgiovannini/Music/Music/Media.localized/.localized/th.strings,Music/Media.localized/.localized/th.strings,project-grouping,workspace:Music,High,Deterministic path read: top-level folder segment under the target root.,false
CLS-20260802-160137,INV-20260802-142008,Music,/Users/eduardofgiovannini/Music/Music/Media.localized/.localized/th.strings,Music/Media.localized/.localized/th.strings,file-type,unclassified-type,Low,Extension 'strings' is not in the static type lookup.,true
CLS-20260802-160137,INV-20260802-142008,Music,/Users/eduardofgiovannini/Music/Music/Media.localized/.localized/zh_CN.strings,Music/Media.localized/.localized/zh_CN.strings,project-grouping,workspace:Music,High,Deterministic path read: top-level folder segment under the target root.,false
CLS-20260802-160137,INV-20260802-142008,Music,/Users/eduardofgiovannini/Music/Music/Media.localized/.localized/zh_CN.strings,Music/Media.localized/.localized/zh_CN.strings,file-type,unclassified-type,Low,Extension 'strings' is not in the static type lookup.,true
CLS-20260802-160137,INV-20260802-142008,Music,/Users/eduardofgiovannini/Music/Music/Media.localized/.localized/cs.strings,Music/Media.localized/.localized/cs.strings,project-grouping,workspace:Music,High,Deterministic path read: top-level folder segment under the target root.,false
CLS-20260802-160137,INV-20260802-142008,Music,/Users/eduardofgiovannini/Music/Music/Media.localized/.localized/cs.strings,Music/Media.localized/.localized/cs.strings,file-type,unclassified-type,Low,Extension 'strings' is not in the static type lookup.,true
CLS-20260802-160137,INV-20260802-142008,Music,/Users/eduardofgiovannini/Music/Music/Media.localized/.localized/sv.strings,Music/Media.localized/.localized/sv.strings,project-grouping,workspace:Music,High,Deterministic path read: top-level folder segment under the target root.,false
CLS-20260802-160137,INV-20260802-142008,Music,/Users/eduardofgiovannini/Music/Music/Media.localized/.localized/sv.strings,Music/Media.localized/.localized/sv.strings,file-type,unclassified-type,Low,Extension 'strings' is not in the static type lookup.,true
CLS-20260802-160137,INV-20260802-142008,Music,/Users/eduardofgiovannini/Music/Music/Media.localized/.localized/pl.strings,Music/Media.localized/.localized/pl.strings,project-grouping,workspace:Music,High,Deterministic path read: top-level folder segment under the target root.,false
CLS-20260802-160137,INV-20260802-142008,Music,/Users/eduardofgiovannini/Music/Music/Media.localized/.localized/pl.strings,Music/Media.localized/.localized/pl.strings,file-type,unclassified-type,Low,Extension 'strings' is not in the static type lookup.,true
CLS-20260802-160137,INV-20260802-142008,Music,/Users/eduardofgiovannini/Music/Music/Media.localized/.localized/zh_HK.strings,Music/Media.localized/.localized/zh_HK.strings,project-grouping,workspace:Music,High,Deterministic path read: top-level folder segment under the target root.,false
CLS-20260802-160137,INV-20260802-142008,Music,/Users/eduardofgiovannini/Music/Music/Media.localized/.localized/zh_HK.strings,Music/Media.localized/.localized/zh_HK.strings,file-type,unclassified-type,Low,Extension 'strings' is not in the static type lookup.,true
CLS-20260802-160137,INV-20260802-142008,Music,/Users/eduardofgiovannini/Music/Music/Media.localized/.localized/en_GB.strings,Music/Media.localized/.localized/en_GB.strings,project-grouping,workspace:Music,High,Deterministic path read: top-level folder segment under the target root.,false
CLS-20260802-160137,INV-20260802-142008,Music,/Users/eduardofgiovannini/Music/Music/Media.localized/.localized/en_GB.strings,Music/Media.localized/.localized/en_GB.strings,file-type,unclassified-type,Low,Extension 'strings' is not in the static type lookup.,true
CLS-20260802-160137,INV-20260802-142008,Music,/Users/eduardofgiovannini/Music/Music/Media.localized/.localized/en_AU.strings,Music/Media.localized/.localized/en_AU.strings,project-grouping,workspace:Music,High,Deterministic path read: top-level folder segment under the target root.,false
CLS-20260802-160137,INV-20260802-142008,Music,/Users/eduardofgiovannini/Music/Music/Media.localized/.localized/en_AU.strings,Music/Media.localized/.localized/en_AU.strings,file-type,unclassified-type,Low,Extension 'strings' is not in the static type lookup.,true
CLS-20260802-160137,INV-20260802-142008,Music,/Users/eduardofgiovannini/Music/Music/Media.localized/.localized/da.strings,Music/Media.localized/.localized/da.strings,project-grouping,workspace:Music,High,Deterministic path read: top-level folder segment under the target root.,false
CLS-20260802-160137,INV-20260802-142008,Music,/Users/eduardofgiovannini/Music/Music/Media.localized/.localized/da.strings,Music/Media.localized/.localized/da.strings,file-type,unclassified-type,Low,Extension 'strings' is not in the static type lookup.,true
CLS-20260802-160137,INV-20260802-142008,Music,/Users/eduardofgiovannini/Music/Music/Media.localized/.localized/fr.strings,Music/Media.localized/.localized/fr.strings,project-grouping,workspace:Music,High,Deterministic path read: top-level folder segment under the target root.,false
CLS-20260802-160137,INV-20260802-142008,Music,/Users/eduardofgiovannini/Music/Music/Media.localized/.localized/fr.strings,Music/Media.localized/.localized/fr.strings,file-type,unclassified-type,Low,Extension 'strings' is not in the static type lookup.,true
CLS-20260802-160137,INV-20260802-142008,Music,/Users/eduardofgiovannini/Music/Music/Media.localized/.localized/ro.strings,Music/Media.localized/.localized/ro.strings,project-grouping,workspace:Music,High,Deterministic path read: top-level folder segment under the target root.,false
CLS-20260802-160137,INV-20260802-142008,Music,/Users/eduardofgiovannini/Music/Music/Media.localized/.localized/ro.strings,Music/Media.localized/.localized/ro.strings,file-type,unclassified-type,Low,Extension 'strings' is not in the static type lookup.,true
CLS-20260802-160137,INV-20260802-142008,Music,/Users/eduardofgiovannini/Music/Music/Media.localized/.localized/pt.strings,Music/Media.localized/.localized/pt.strings,project-grouping,workspace:Music,High,Deterministic path read: top-level folder segment under the target root.,false
CLS-20260802-160137,INV-20260802-142008,Music,/Users/eduardofgiovannini/Music/Music/Media.localized/.localized/pt.strings,Music/Media.localized/.localized/pt.strings,file-type,unclassified-type,Low,Extension 'strings' is not in the static type lookup.,true
CLS-20260802-160137,INV-20260802-142008,Music,/Users/eduardofgiovannini/Music/Music/Media.localized/.localized/pt_PT.strings,Music/Media.localized/.localized/pt_PT.strings,project-grouping,workspace:Music,High,Deterministic path read: top-level folder segment under the target root.,false
CLS-20260802-160137,INV-20260802-142008,Music,/Users/eduardofgiovannini/Music/Music/Media.localized/.localized/pt_PT.strings,Music/Media.localized/.localized/pt_PT.strings,file-type,unclassified-type,Low,Extension 'strings' is not in the static type lookup.,true
CLS-20260802-160137,INV-20260802-142008,Music,/Users/eduardofgiovannini/Music/Music/Media.localized/.localized/ms.strings,Music/Media.localized/.localized/ms.strings,project-grouping,workspace:Music,High,Deterministic path read: top-level folder segment under the target root.,false
CLS-20260802-160137,INV-20260802-142008,Music,/Users/eduardofgiovannini/Music/Music/Media.localized/.localized/ms.strings,Music/Media.localized/.localized/ms.strings,file-type,unclassified-type,Low,Extension 'strings' is not in the static type lookup.,true
CLS-20260802-160137,INV-20260802-142008,Music,/Users/eduardofgiovannini/Music/Music/Media.localized/.localized/ko.strings,Music/Media.localized/.localized/ko.strings,project-grouping,workspace:Music,High,Deterministic path read: top-level folder segment under the target root.,false
CLS-20260802-160137,INV-20260802-142008,Music,/Users/eduardofgiovannini/Music/Music/Media.localized/.localized/ko.strings,Music/Media.localized/.localized/ko.strings,file-type,unclassified-type,Low,Extension 'strings' is not in the static type lookup.,true
CLS-20260802-160137,INV-20260802-142008,Music,/Users/eduardofgiovannini/Music/Music/Media.localized/.localized/sl.strings,Music/Media.localized/.localized/sl.strings,project-grouping,workspace:Music,High,Deterministic path read: top-level folder segment under the target root.,false
CLS-20260802-160137,INV-20260802-142008,Music,/Users/eduardofgiovannini/Music/Music/Media.localized/.localized/sl.strings,Music/Media.localized/.localized/sl.strings,file-type,unclassified-type,Low,Extension 'strings' is not in the static type lookup.,true
CLS-20260802-160137,INV-20260802-142008,Music,/Users/eduardofgiovannini/Music/Music/Media.localized/.localized/hu.strings,Music/Media.localized/.localized/hu.strings,project-grouping,workspace:Music,High,Deterministic path read: top-level folder segment under the target root.,false
CLS-20260802-160137,INV-20260802-142008,Music,/Users/eduardofgiovannini/Music/Music/Media.localized/.localized/hu.strings,Music/Media.localized/.localized/hu.strings,file-type,unclassified-type,Low,Extension 'strings' is not in the static type lookup.,true
CLS-20260802-160137,INV-20260802-142008,Music,/Users/eduardofgiovannini/Music/Music/Media.localized/.localized/hi.strings,Music/Media.localized/.localized/hi.strings,project-grouping,workspace:Music,High,Deterministic path read: top-level folder segment under the target root.,false
CLS-20260802-160137,INV-20260802-142008,Music,/Users/eduardofgiovannini/Music/Music/Media.localized/.localized/hi.strings,Music/Media.localized/.localized/hi.strings,file-type,unclassified-type,Low,Extension 'strings' is not in the static type lookup.,true
CLS-20260802-160137,INV-20260802-142008,Music,/Users/eduardofgiovannini/Music/Music/Media.localized/.localized/tr.strings,Music/Media.localized/.localized/tr.strings,project-grouping,workspace:Music,High,Deterministic path read: top-level folder segment under the target root.,false
CLS-20260802-160137,INV-20260802-142008,Music,/Users/eduardofgiovannini/Music/Music/Media.localized/.localized/tr.strings,Music/Media.localized/.localized/tr.strings,file-type,unclassified-type,Low,Extension 'strings' is not in the static type lookup.,true
CLS-20260802-160137,INV-20260802-142008,Music,/Users/eduardofgiovannini/Music/Music/Media.localized/.localized/vi.strings,Music/Media.localized/.localized/vi.strings,project-grouping,workspace:Music,High,Deterministic path read: top-level folder segment under the target root.,false
CLS-20260802-160137,INV-20260802-142008,Music,/Users/eduardofgiovannini/Music/Music/Media.localized/.localized/vi.strings,Music/Media.localized/.localized/vi.strings,file-type,unclassified-type,Low,Extension 'strings' is not in the static type lookup.,true
CLS-20260802-160137,INV-20260802-142008,Music,/Users/eduardofgiovannini/Music/Music/Media.localized/.localized/es_US.strings,Music/Media.localized/.localized/es_US.strings,project-grouping,workspace:Music,High,Deterministic path read: top-level folder segment under the target root.,false
CLS-20260802-160137,INV-20260802-142008,Music,/Users/eduardofgiovannini/Music/Music/Media.localized/.localized/es_US.strings,Music/Media.localized/.localized/es_US.strings,file-type,unclassified-type,Low,Extension 'strings' is not in the static type lookup.,true
CLS-20260802-160137,INV-20260802-142008,Music,/Users/eduardofgiovannini/Music/Music/Media.localized/.localized/ca.strings,Music/Media.localized/.localized/ca.strings,project-grouping,workspace:Music,High,Deterministic path read: top-level folder segment under the target root.,false
CLS-20260802-160137,INV-20260802-142008,Music,/Users/eduardofgiovannini/Music/Music/Media.localized/.localized/ca.strings,Music/Media.localized/.localized/ca.strings,file-type,unclassified-type,Low,Extension 'strings' is not in the static type lookup.,true
CLS-20260802-160137,INV-20260802-142008,Music,/Users/eduardofgiovannini/Music/Music/Media.localized/.localized/ar.strings,Music/Media.localized/.localized/ar.strings,project-grouping,workspace:Music,High,Deterministic path read: top-level folder segment under the target root.,false
CLS-20260802-160137,INV-20260802-142008,Music,/Users/eduardofgiovannini/Music/Music/Media.localized/.localized/ar.strings,Music/Media.localized/.localized/ar.strings,file-type,unclassified-type,Low,Extension 'strings' is not in the static type lookup.,true
CLS-20260802-160137,INV-20260802-142008,Music,/Users/eduardofgiovannini/Music/Music/Media.localized/.localized/it.strings,Music/Media.localized/.localized/it.strings,project-grouping,workspace:Music,High,Deterministic path read: top-level folder segment under the target root.,false
CLS-20260802-160137,INV-20260802-142008,Music,/Users/eduardofgiovannini/Music/Music/Media.localized/.localized/it.strings,Music/Media.localized/.localized/it.strings,file-type,unclassified-type,Low,Extension 'strings' is not in the static type lookup.,true
CLS-20260802-160137,INV-20260802-142008,Music,/Users/eduardofgiovannini/Music/Music/Media.localized/Automatically Add to Music.localized/.localized/id.strings,Music/Media.localized/Automatically Add to Music.localized/.localized/id.strings,project-grouping,workspace:Music,High,Deterministic path read: top-level folder segment under the target root.,false
CLS-20260802-160137,INV-20260802-142008,Music,/Users/eduardofgiovannini/Music/Music/Media.localized/Automatically Add to Music.localized/.localized/id.strings,Music/Media.localized/Automatically Add to Music.localized/.localized/id.strings,file-type,unclassified-type,Low,Extension 'strings' is not in the static type lookup.,true
CLS-20260802-160137,INV-20260802-142008,Music,/Users/eduardofgiovannini/Music/Music/Media.localized/Automatically Add to Music.localized/.localized/es.strings,Music/Media.localized/Automatically Add to Music.localized/.localized/es.strings,project-grouping,workspace:Music,High,Deterministic path read: top-level folder segment under the target root.,false
CLS-20260802-160137,INV-20260802-142008,Music,/Users/eduardofgiovannini/Music/Music/Media.localized/Automatically Add to Music.localized/.localized/es.strings,Music/Media.localized/Automatically Add to Music.localized/.localized/es.strings,file-type,unclassified-type,Low,Extension 'strings' is not in the static type lookup.,true
CLS-20260802-160137,INV-20260802-142008,Music,/Users/eduardofgiovannini/Music/Music/Media.localized/Automatically Add to Music.localized/.localized/no.strings,Music/Media.localized/Automatically Add to Music.localized/.localized/no.strings,project-grouping,workspace:Music,High,Deterministic path read: top-level folder segment under the target root.,false
CLS-20260802-160137,INV-20260802-142008,Music,/Users/eduardofgiovannini/Music/Music/Media.localized/Automatically Add to Music.localized/.localized/no.strings,Music/Media.localized/Automatically Add to Music.localized/.localized/no.strings,file-type,unclassified-type,Low,Extension 'strings' is not in the static type lookup.,true
CLS-20260802-160137,INV-20260802-142008,Music,/Users/eduardofgiovannini/Music/Music/Media.localized/Automatically Add to Music.localized/.localized/zh_TW.strings,Music/Media.localized/Automatically Add to Music.localized/.localized/zh_TW.strings,project-grouping,workspace:Music,High,Deterministic path read: top-level folder segment under the target root.,false
CLS-20260802-160137,INV-20260802-142008,Music,/Users/eduardofgiovannini/Music/Music/Media.localized/Automatically Add to Music.localized/.localized/zh_TW.strings,Music/Media.localized/Automatically Add to Music.localized/.localized/zh_TW.strings,file-type,unclassified-type,Low,Extension 'strings' is not in the static type lookup.,true
CLS-20260802-160137,INV-20260802-142008,Music,/Users/eduardofgiovannini/Music/Music/Media.localized/Automatically Add to Music.localized/.localized/fi.strings,Music/Media.localized/Automatically Add to Music.localized/.localized/fi.strings,project-grouping,workspace:Music,High,Deterministic path read: top-level folder segment under the target root.,false
CLS-20260802-160137,INV-20260802-142008,Music,/Users/eduardofgiovannini/Music/Music/Media.localized/Automatically Add to Music.localized/.localized/fi.strings,Music/Media.localized/Automatically Add to Music.localized/.localized/fi.strings,file-type,unclassified-type,Low,Extension 'strings' is not in the static type lookup.,true
CLS-20260802-160137,INV-20260802-142008,Music,/Users/eduardofgiovannini/Music/Music/Media.localized/Automatically Add to Music.localized/.localized/ru.strings,Music/Media.localized/Automatically Add to Music.localized/.localized/ru.strings,project-grouping,workspace:Music,High,Deterministic path read: top-level folder segment under the target root.,false
CLS-20260802-160137,INV-20260802-142008,Music,/Users/eduardofgiovannini/Music/Music/Media.localized/Automatically Add to Music.localized/.localized/ru.strings,Music/Media.localized/Automatically Add to Music.localized/.localized/ru.strings,file-type,unclassified-type,Low,Extension 'strings' is not in the static type lookup.,true
CLS-20260802-160137,INV-20260802-142008,Music,/Users/eduardofgiovannini/Music/Music/Media.localized/Automatically Add to Music.localized/.localized/en.strings,Music/Media.localized/Automatically Add to Music.localized/.localized/en.strings,project-grouping,workspace:Music,High,Deterministic path read: top-level folder segment under the target root.,false
CLS-20260802-160137,INV-20260802-142008,Music,/Users/eduardofgiovannini/Music/Music/Media.localized/Automatically Add to Music.localized/.localized/en.strings,Music/Media.localized/Automatically Add to Music.localized/.localized/en.strings,file-type,unclassified-type,Low,Extension 'strings' is not in the static type lookup.,true
CLS-20260802-160137,INV-20260802-142008,Music,/Users/eduardofgiovannini/Music/Music/Media.localized/Automatically Add to Music.localized/.localized/es_419.strings,Music/Media.localized/Automatically Add to Music.localized/.localized/es_419.strings,project-grouping,workspace:Music,High,Deterministic path read: top-level folder segment under the target root.,false
CLS-20260802-160137,INV-20260802-142008,Music,/Users/eduardofgiovannini/Music/Music/Media.localized/Automatically Add to Music.localized/.localized/es_419.strings,Music/Media.localized/Automatically Add to Music.localized/.localized/es_419.strings,file-type,unclassified-type,Low,Extension 'strings' is not in the static type lookup.,true
CLS-20260802-160137,INV-20260802-142008,Music,/Users/eduardofgiovannini/Music/Music/Media.localized/Automatically Add to Music.localized/.localized/he.strings,Music/Media.localized/Automatically Add to Music.localized/.localized/he.strings,project-grouping,workspace:Music,High,Deterministic path read: top-level folder segment under the target root.,false
CLS-20260802-160137,INV-20260802-142008,Music,/Users/eduardofgiovannini/Music/Music/Media.localized/Automatically Add to Music.localized/.localized/he.strings,Music/Media.localized/Automatically Add to Music.localized/.localized/he.strings,file-type,unclassified-type,Low,Extension 'strings' is not in the static type lookup.,true
CLS-20260802-160137,INV-20260802-142008,Music,/Users/eduardofgiovannini/Music/Music/Media.localized/Automatically Add to Music.localized/.localized/uk.strings,Music/Media.localized/Automatically Add to Music.localized/.localized/uk.strings,project-grouping,workspace:Music,High,Deterministic path read: top-level folder segment under the target root.,false
CLS-20260802-160137,INV-20260802-142008,Music,/Users/eduardofgiovannini/Music/Music/Media.localized/Automatically Add to Music.localized/.localized/uk.strings,Music/Media.localized/Automatically Add to Music.localized/.localized/uk.strings,file-type,unclassified-type,Low,Extension 'strings' is not in the static type lookup.,true
CLS-20260802-160137,INV-20260802-142008,Music,/Users/eduardofgiovannini/Music/Music/Media.localized/Automatically Add to Music.localized/.localized/fr_CA.strings,Music/Media.localized/Automatically Add to Music.localized/.localized/fr_CA.strings,project-grouping,workspace:Music,High,Deterministic path read: top-level folder segment under the target root.,false
CLS-20260802-160137,INV-20260802-142008,Music,/Users/eduardofgiovannini/Music/Music/Media.localized/Automatically Add to Music.localized/.localized/fr_CA.strings,Music/Media.localized/Automatically Add to Music.localized/.localized/fr_CA.strings,file-type,unclassified-type,Low,Extension 'strings' is not in the static type lookup.,true
CLS-20260802-160137,INV-20260802-142008,Music,/Users/eduardofgiovannini/Music/Music/Media.localized/Automatically Add to Music.localized/.localized/nl.strings,Music/Media.localized/Automatically Add to Music.localized/.localized/nl.strings,project-grouping,workspace:Music,High,Deterministic path read: top-level folder segment under the target root.,false
CLS-20260802-160137,INV-20260802-142008,Music,/Users/eduardofgiovannini/Music/Music/Media.localized/Automatically Add to Music.localized/.localized/nl.strings,Music/Media.localized/Automatically Add to Music.localized/.localized/nl.strings,file-type,unclassified-type,Low,Extension 'strings' is not in the static type lookup.,true
CLS-20260802-160137,INV-20260802-142008,Music,/Users/eduardofgiovannini/Music/Music/Media.localized/Automatically Add to Music.localized/.localized/de.strings,Music/Media.localized/Automatically Add to Music.localized/.localized/de.strings,project-grouping,workspace:Music,High,Deterministic path read: top-level folder segment under the target root.,false
CLS-20260802-160137,INV-20260802-142008,Music,/Users/eduardofgiovannini/Music/Music/Media.localized/Automatically Add to Music.localized/.localized/de.strings,Music/Media.localized/Automatically Add to Music.localized/.localized/de.strings,file-type,unclassified-type,Low,Extension 'strings' is not in the static type lookup.,true
CLS-20260802-160137,INV-20260802-142008,Music,/Users/eduardofgiovannini/Music/Music/Media.localized/Automatically Add to Music.localized/.localized/ja.strings,Music/Media.localized/Automatically Add to Music.localized/.localized/ja.strings,project-grouping,workspace:Music,High,Deterministic path read: top-level folder segment under the target root.,false
CLS-20260802-160137,INV-20260802-142008,Music,/Users/eduardofgiovannini/Music/Music/Media.localized/Automatically Add to Music.localized/.localized/ja.strings,Music/Media.localized/Automatically Add to Music.localized/.localized/ja.strings,file-type,unclassified-type,Low,Extension 'strings' is not in the static type lookup.,true
CLS-20260802-160137,INV-20260802-142008,Music,/Users/eduardofgiovannini/Music/Music/Media.localized/Automatically Add to Music.localized/.localized/sk.strings,Music/Media.localized/Automatically Add to Music.localized/.localized/sk.strings,project-grouping,workspace:Music,High,Deterministic path read: top-level folder segment under the target root.,false
CLS-20260802-160137,INV-20260802-142008,Music,/Users/eduardofgiovannini/Music/Music/Media.localized/Automatically Add to Music.localized/.localized/sk.strings,Music/Media.localized/Automatically Add to Music.localized/.localized/sk.strings,file-type,unclassified-type,Low,Extension 'strings' is not in the static type lookup.,true
CLS-20260802-160137,INV-20260802-142008,Music,/Users/eduardofgiovannini/Music/Music/Media.localized/Automatically Add to Music.localized/.localized/hr.strings,Music/Media.localized/Automatically Add to Music.localized/.localized/hr.strings,project-grouping,workspace:Music,High,Deterministic path read: top-level folder segment under the target root.,false
CLS-20260802-160137,INV-20260802-142008,Music,/Users/eduardofgiovannini/Music/Music/Media.localized/Automatically Add to Music.localized/.localized/hr.strings,Music/Media.localized/Automatically Add to Music.localized/.localized/hr.strings,file-type,unclassified-type,Low,Extension 'strings' is not in the static type lookup.,true
CLS-20260802-160137,INV-20260802-142008,Music,/Users/eduardofgiovannini/Music/Music/Media.localized/Automatically Add to Music.localized/.localized/el.strings,Music/Media.localized/Automatically Add to Music.localized/.localized/el.strings,project-grouping,workspace:Music,High,Deterministic path read: top-level folder segment under the target root.,false
CLS-20260802-160137,INV-20260802-142008,Music,/Users/eduardofgiovannini/Music/Music/Media.localized/Automatically Add to Music.localized/.localized/el.strings,Music/Media.localized/Automatically Add to Music.localized/.localized/el.strings,file-type,unclassified-type,Low,Extension 'strings' is not in the static type lookup.,true
CLS-20260802-160137,INV-20260802-142008,Music,/Users/eduardofgiovannini/Music/Music/Media.localized/Automatically Add to Music.localized/.localized/th.strings,Music/Media.localized/Automatically Add to Music.localized/.localized/th.strings,project-grouping,workspace:Music,High,Deterministic path read: top-level folder segment under the target root.,false
CLS-20260802-160137,INV-20260802-142008,Music,/Users/eduardofgiovannini/Music/Music/Media.localized/Automatically Add to Music.localized/.localized/th.strings,Music/Media.localized/Automatically Add to Music.localized/.localized/th.strings,file-type,unclassified-type,Low,Extension 'strings' is not in the static type lookup.,true
CLS-20260802-160137,INV-20260802-142008,Music,/Users/eduardofgiovannini/Music/Music/Media.localized/Automatically Add to Music.localized/.localized/zh_CN.strings,Music/Media.localized/Automatically Add to Music.localized/.localized/zh_CN.strings,project-grouping,workspace:Music,High,Deterministic path read: top-level folder segment under the target root.,false
CLS-20260802-160137,INV-20260802-142008,Music,/Users/eduardofgiovannini/Music/Music/Media.localized/Automatically Add to Music.localized/.localized/zh_CN.strings,Music/Media.localized/Automatically Add to Music.localized/.localized/zh_CN.strings,file-type,unclassified-type,Low,Extension 'strings' is not in the static type lookup.,true
CLS-20260802-160137,INV-20260802-142008,Music,/Users/eduardofgiovannini/Music/Music/Media.localized/Automatically Add to Music.localized/.localized/cs.strings,Music/Media.localized/Automatically Add to Music.localized/.localized/cs.strings,project-grouping,workspace:Music,High,Deterministic path read: top-level folder segment under the target root.,false
CLS-20260802-160137,INV-20260802-142008,Music,/Users/eduardofgiovannini/Music/Music/Media.localized/Automatically Add to Music.localized/.localized/cs.strings,Music/Media.localized/Automatically Add to Music.localized/.localized/cs.strings,file-type,unclassified-type,Low,Extension 'strings' is not in the static type lookup.,true
CLS-20260802-160137,INV-20260802-142008,Music,/Users/eduardofgiovannini/Music/Music/Media.localized/Automatically Add to Music.localized/.localized/sv.strings,Music/Media.localized/Automatically Add to Music.localized/.localized/sv.strings,project-grouping,workspace:Music,High,Deterministic path read: top-level folder segment under the target root.,false
CLS-20260802-160137,INV-20260802-142008,Music,/Users/eduardofgiovannini/Music/Music/Media.localized/Automatically Add to Music.localized/.localized/sv.strings,Music/Media.localized/Automatically Add to Music.localized/.localized/sv.strings,file-type,unclassified-type,Low,Extension 'strings' is not in the static type lookup.,true
CLS-20260802-160137,INV-20260802-142008,Music,/Users/eduardofgiovannini/Music/Music/Media.localized/Automatically Add to Music.localized/.localized/pl.strings,Music/Media.localized/Automatically Add to Music.localized/.localized/pl.strings,project-grouping,workspace:Music,High,Deterministic path read: top-level folder segment under the target root.,false
CLS-20260802-160137,INV-20260802-142008,Music,/Users/eduardofgiovannini/Music/Music/Media.localized/Automatically Add to Music.localized/.localized/pl.strings,Music/Media.localized/Automatically Add to Music.localized/.localized/pl.strings,file-type,unclassified-type,Low,Extension 'strings' is not in the static type lookup.,true
CLS-20260802-160137,INV-20260802-142008,Music,/Users/eduardofgiovannini/Music/Music/Media.localized/Automatically Add to Music.localized/.localized/zh_HK.strings,Music/Media.localized/Automatically Add to Music.localized/.localized/zh_HK.strings,project-grouping,workspace:Music,High,Deterministic path read: top-level folder segment under the target root.,false
CLS-20260802-160137,INV-20260802-142008,Music,/Users/eduardofgiovannini/Music/Music/Media.localized/Automatically Add to Music.localized/.localized/zh_HK.strings,Music/Media.localized/Automatically Add to Music.localized/.localized/zh_HK.strings,file-type,unclassified-type,Low,Extension 'strings' is not in the static type lookup.,true
CLS-20260802-160137,INV-20260802-142008,Music,/Users/eduardofgiovannini/Music/Music/Media.localized/Automatically Add to Music.localized/.localized/en_GB.strings,Music/Media.localized/Automatically Add to Music.localized/.localized/en_GB.strings,project-grouping,workspace:Music,High,Deterministic path read: top-level folder segment under the target root.,false
CLS-20260802-160137,INV-20260802-142008,Music,/Users/eduardofgiovannini/Music/Music/Media.localized/Automatically Add to Music.localized/.localized/en_GB.strings,Music/Media.localized/Automatically Add to Music.localized/.localized/en_GB.strings,file-type,unclassified-type,Low,Extension 'strings' is not in the static type lookup.,true
CLS-20260802-160137,INV-20260802-142008,Music,/Users/eduardofgiovannini/Music/Music/Media.localized/Automatically Add to Music.localized/.localized/en_AU.strings,Music/Media.localized/Automatically Add to Music.localized/.localized/en_AU.strings,project-grouping,workspace:Music,High,Deterministic path read: top-level folder segment under the target root.,false
CLS-20260802-160137,INV-20260802-142008,Music,/Users/eduardofgiovannini/Music/Music/Media.localized/Automatically Add to Music.localized/.localized/en_AU.strings,Music/Media.localized/Automatically Add to Music.localized/.localized/en_AU.strings,file-type,unclassified-type,Low,Extension 'strings' is not in the static type lookup.,true
CLS-20260802-160137,INV-20260802-142008,Music,/Users/eduardofgiovannini/Music/Music/Media.localized/Automatically Add to Music.localized/.localized/da.strings,Music/Media.localized/Automatically Add to Music.localized/.localized/da.strings,project-grouping,workspace:Music,High,Deterministic path read: top-level folder segment under the target root.,false
CLS-20260802-160137,INV-20260802-142008,Music,/Users/eduardofgiovannini/Music/Music/Media.localized/Automatically Add to Music.localized/.localized/da.strings,Music/Media.localized/Automatically Add to Music.localized/.localized/da.strings,file-type,unclassified-type,Low,Extension 'strings' is not in the static type lookup.,true
CLS-20260802-160137,INV-20260802-142008,Music,/Users/eduardofgiovannini/Music/Music/Media.localized/Automatically Add to Music.localized/.localized/fr.strings,Music/Media.localized/Automatically Add to Music.localized/.localized/fr.strings,project-grouping,workspace:Music,High,Deterministic path read: top-level folder segment under the target root.,false
CLS-20260802-160137,INV-20260802-142008,Music,/Users/eduardofgiovannini/Music/Music/Media.localized/Automatically Add to Music.localized/.localized/fr.strings,Music/Media.localized/Automatically Add to Music.localized/.localized/fr.strings,file-type,unclassified-type,Low,Extension 'strings' is not in the static type lookup.,true
CLS-20260802-160137,INV-20260802-142008,Music,/Users/eduardofgiovannini/Music/Music/Media.localized/Automatically Add to Music.localized/.localized/ro.strings,Music/Media.localized/Automatically Add to Music.localized/.localized/ro.strings,project-grouping,workspace:Music,High,Deterministic path read: top-level folder segment under the target root.,false
CLS-20260802-160137,INV-20260802-142008,Music,/Users/eduardofgiovannini/Music/Music/Media.localized/Automatically Add to Music.localized/.localized/ro.strings,Music/Media.localized/Automatically Add to Music.localized/.localized/ro.strings,file-type,unclassified-type,Low,Extension 'strings' is not in the static type lookup.,true
CLS-20260802-160137,INV-20260802-142008,Music,/Users/eduardofgiovannini/Music/Music/Media.localized/Automatically Add to Music.localized/.localized/pt.strings,Music/Media.localized/Automatically Add to Music.localized/.localized/pt.strings,project-grouping,workspace:Music,High,Deterministic path read: top-level folder segment under the target root.,false
CLS-20260802-160137,INV-20260802-142008,Music,/Users/eduardofgiovannini/Music/Music/Media.localized/Automatically Add to Music.localized/.localized/pt.strings,Music/Media.localized/Automatically Add to Music.localized/.localized/pt.strings,file-type,unclassified-type,Low,Extension 'strings' is not in the static type lookup.,true
CLS-20260802-160137,INV-20260802-142008,Music,/Users/eduardofgiovannini/Music/Music/Media.localized/Automatically Add to Music.localized/.localized/pt_PT.strings,Music/Media.localized/Automatically Add to Music.localized/.localized/pt_PT.strings,project-grouping,workspace:Music,High,Deterministic path read: top-level folder segment under the target root.,false
CLS-20260802-160137,INV-20260802-142008,Music,/Users/eduardofgiovannini/Music/Music/Media.localized/Automatically Add to Music.localized/.localized/pt_PT.strings,Music/Media.localized/Automatically Add to Music.localized/.localized/pt_PT.strings,file-type,unclassified-type,Low,Extension 'strings' is not in the static type lookup.,true
CLS-20260802-160137,INV-20260802-142008,Music,/Users/eduardofgiovannini/Music/Music/Media.localized/Automatically Add to Music.localized/.localized/ms.strings,Music/Media.localized/Automatically Add to Music.localized/.localized/ms.strings,project-grouping,workspace:Music,High,Deterministic path read: top-level folder segment under the target root.,false
CLS-20260802-160137,INV-20260802-142008,Music,/Users/eduardofgiovannini/Music/Music/Media.localized/Automatically Add to Music.localized/.localized/ms.strings,Music/Media.localized/Automatically Add to Music.localized/.localized/ms.strings,file-type,unclassified-type,Low,Extension 'strings' is not in the static type lookup.,true
CLS-20260802-160137,INV-20260802-142008,Music,/Users/eduardofgiovannini/Music/Music/Media.localized/Automatically Add to Music.localized/.localized/ko.strings,Music/Media.localized/Automatically Add to Music.localized/.localized/ko.strings,project-grouping,workspace:Music,High,Deterministic path read: top-level folder segment under the target root.,false
CLS-20260802-160137,INV-20260802-142008,Music,/Users/eduardofgiovannini/Music/Music/Media.localized/Automatically Add to Music.localized/.localized/ko.strings,Music/Media.localized/Automatically Add to Music.localized/.localized/ko.strings,file-type,unclassified-type,Low,Extension 'strings' is not in the static type lookup.,true
CLS-20260802-160137,INV-20260802-142008,Music,/Users/eduardofgiovannini/Music/Music/Media.localized/Automatically Add to Music.localized/.localized/sl.strings,Music/Media.localized/Automatically Add to Music.localized/.localized/sl.strings,project-grouping,workspace:Music,High,Deterministic path read: top-level folder segment under the target root.,false
CLS-20260802-160137,INV-20260802-142008,Music,/Users/eduardofgiovannini/Music/Music/Media.localized/Automatically Add to Music.localized/.localized/sl.strings,Music/Media.localized/Automatically Add to Music.localized/.localized/sl.strings,file-type,unclassified-type,Low,Extension 'strings' is not in the static type lookup.,true
CLS-20260802-160137,INV-20260802-142008,Music,/Users/eduardofgiovannini/Music/Music/Media.localized/Automatically Add to Music.localized/.localized/hu.strings,Music/Media.localized/Automatically Add to Music.localized/.localized/hu.strings,project-grouping,workspace:Music,High,Deterministic path read: top-level folder segment under the target root.,false
CLS-20260802-160137,INV-20260802-142008,Music,/Users/eduardofgiovannini/Music/Music/Media.localized/Automatically Add to Music.localized/.localized/hu.strings,Music/Media.localized/Automatically Add to Music.localized/.localized/hu.strings,file-type,unclassified-type,Low,Extension 'strings' is not in the static type lookup.,true
CLS-20260802-160137,INV-20260802-142008,Music,/Users/eduardofgiovannini/Music/Music/Media.localized/Automatically Add to Music.localized/.localized/hi.strings,Music/Media.localized/Automatically Add to Music.localized/.localized/hi.strings,project-grouping,workspace:Music,High,Deterministic path read: top-level folder segment under the target root.,false
CLS-20260802-160137,INV-20260802-142008,Music,/Users/eduardofgiovannini/Music/Music/Media.localized/Automatically Add to Music.localized/.localized/hi.strings,Music/Media.localized/Automatically Add to Music.localized/.localized/hi.strings,file-type,unclassified-type,Low,Extension 'strings' is not in the static type lookup.,true
CLS-20260802-160137,INV-20260802-142008,Music,/Users/eduardofgiovannini/Music/Music/Media.localized/Automatically Add to Music.localized/.localized/tr.strings,Music/Media.localized/Automatically Add to Music.localized/.localized/tr.strings,project-grouping,workspace:Music,High,Deterministic path read: top-level folder segment under the target root.,false
CLS-20260802-160137,INV-20260802-142008,Music,/Users/eduardofgiovannini/Music/Music/Media.localized/Automatically Add to Music.localized/.localized/tr.strings,Music/Media.localized/Automatically Add to Music.localized/.localized/tr.strings,file-type,unclassified-type,Low,Extension 'strings' is not in the static type lookup.,true
CLS-20260802-160137,INV-20260802-142008,Music,/Users/eduardofgiovannini/Music/Music/Media.localized/Automatically Add to Music.localized/.localized/vi.strings,Music/Media.localized/Automatically Add to Music.localized/.localized/vi.strings,project-grouping,workspace:Music,High,Deterministic path read: top-level folder segment under the target root.,false
CLS-20260802-160137,INV-20260802-142008,Music,/Users/eduardofgiovannini/Music/Music/Media.localized/Automatically Add to Music.localized/.localized/vi.strings,Music/Media.localized/Automatically Add to Music.localized/.localized/vi.strings,file-type,unclassified-type,Low,Extension 'strings' is not in the static type lookup.,true
CLS-20260802-160137,INV-20260802-142008,Music,/Users/eduardofgiovannini/Music/Music/Media.localized/Automatically Add to Music.localized/.localized/es_US.strings,Music/Media.localized/Automatically Add to Music.localized/.localized/es_US.strings,project-grouping,workspace:Music,High,Deterministic path read: top-level folder segment under the target root.,false
CLS-20260802-160137,INV-20260802-142008,Music,/Users/eduardofgiovannini/Music/Music/Media.localized/Automatically Add to Music.localized/.localized/es_US.strings,Music/Media.localized/Automatically Add to Music.localized/.localized/es_US.strings,file-type,unclassified-type,Low,Extension 'strings' is not in the static type lookup.,true
CLS-20260802-160137,INV-20260802-142008,Music,/Users/eduardofgiovannini/Music/Music/Media.localized/Automatically Add to Music.localized/.localized/ca.strings,Music/Media.localized/Automatically Add to Music.localized/.localized/ca.strings,project-grouping,workspace:Music,High,Deterministic path read: top-level folder segment under the target root.,false
CLS-20260802-160137,INV-20260802-142008,Music,/Users/eduardofgiovannini/Music/Music/Media.localized/Automatically Add to Music.localized/.localized/ca.strings,Music/Media.localized/Automatically Add to Music.localized/.localized/ca.strings,file-type,unclassified-type,Low,Extension 'strings' is not in the static type lookup.,true
CLS-20260802-160137,INV-20260802-142008,Music,/Users/eduardofgiovannini/Music/Music/Media.localized/Automatically Add to Music.localized/.localized/ar.strings,Music/Media.localized/Automatically Add to Music.localized/.localized/ar.strings,project-grouping,workspace:Music,High,Deterministic path read: top-level folder segment under the target root.,false
CLS-20260802-160137,INV-20260802-142008,Music,/Users/eduardofgiovannini/Music/Music/Media.localized/Automatically Add to Music.localized/.localized/ar.strings,Music/Media.localized/Automatically Add to Music.localized/.localized/ar.strings,file-type,unclassified-type,Low,Extension 'strings' is not in the static type lookup.,true
CLS-20260802-160137,INV-20260802-142008,Music,/Users/eduardofgiovannini/Music/Music/Media.localized/Automatically Add to Music.localized/.localized/it.strings,Music/Media.localized/Automatically Add to Music.localized/.localized/it.strings,project-grouping,workspace:Music,High,Deterministic path read: top-level folder segment under the target root.,false
CLS-20260802-160137,INV-20260802-142008,Music,/Users/eduardofgiovannini/Music/Music/Media.localized/Automatically Add to Music.localized/.localized/it.strings,Music/Media.localized/Automatically Add to Music.localized/.localized/it.strings,file-type,unclassified-type,Low,Extension 'strings' is not in the static type lookup.,true
CLS-20260802-160137,INV-20260802-142008,Music,/Users/eduardofgiovannini/Music/Music/Media.localized/Downloads-Music/Estrada da Vida _ Milionário & José Rico (Edição Especial) _ Milionário & José Rico.tmp/download.m4p,Music/Media.localized/Downloads-Music/Estrada da Vida _ Milionário & José Rico (Edição Especial) _ Milionário & José Rico.tmp/download.m4p,project-grouping,workspace:Music,High,Deterministic path read: top-level folder segment under the target root.,false
CLS-20260802-160137,INV-20260802-142008,Music,/Users/eduardofgiovannini/Music/Music/Media.localized/Downloads-Music/Estrada da Vida _ Milionário & José Rico (Edição Especial) _ Milionário & José Rico.tmp/download.m4p,Music/Media.localized/Downloads-Music/Estrada da Vida _ Milionário & José Rico (Edição Especial) _ Milionário & José Rico.tmp/download.m4p,file-type,unclassified-type,Low,Extension 'm4p' is not in the static type lookup.,true
CLS-20260802-160137,INV-20260802-142008,Music,/Users/eduardofgiovannini/Music/Music/Media.localized/Downloads-Music/Estrada da Vida _ Milionário & José Rico (Edição Especial) _ Milionário & José Rico.tmp/Info.plist,Music/Media.localized/Downloads-Music/Estrada da Vida _ Milionário & José Rico (Edição Especial) _ Milionário & José Rico.tmp/Info.plist,project-grouping,workspace:Music,High,Deterministic path read: top-level folder segment under the target root.,false
CLS-20260802-160137,INV-20260802-142008,Music,/Users/eduardofgiovannini/Music/Music/Media.localized/Downloads-Music/Estrada da Vida _ Milionário & José Rico (Edição Especial) _ Milionário & José Rico.tmp/Info.plist,Music/Media.localized/Downloads-Music/Estrada da Vida _ Milionário & José Rico (Edição Especial) _ Milionário & José Rico.tmp/Info.plist,file-type,unclassified-type,Low,Extension 'plist' is not in the static type lookup.,true
CLS-20260802-160137,INV-20260802-142008,Music,/Users/eduardofgiovannini/Music/Music/Media.localized/Downloads-Music/De Longe Também Se Ama _ Milionário & José Rico (Edição Especial) _ Milionário & José Rico.tmp/download.m4p,Music/Media.localized/Downloads-Music/De Longe Também Se Ama _ Milionário & José Rico (Edição Especial) _ Milionário & José Rico.tmp/download.m4p,project-grouping,workspace:Music,High,Deterministic path read: top-level folder segment under the target root.,false
CLS-20260802-160137,INV-20260802-142008,Music,/Users/eduardofgiovannini/Music/Music/Media.localized/Downloads-Music/De Longe Também Se Ama _ Milionário & José Rico (Edição Especial) _ Milionário & José Rico.tmp/download.m4p,Music/Media.localized/Downloads-Music/De Longe Também Se Ama _ Milionário & José Rico (Edição Especial) _ Milionário & José Rico.tmp/download.m4p,file-type,unclassified-type,Low,Extension 'm4p' is not in the static type lookup.,true
CLS-20260802-160137,INV-20260802-142008,Music,/Users/eduardofgiovannini/Music/Music/Media.localized/Downloads-Music/De Longe Também Se Ama _ Milionário & José Rico (Edição Especial) _ Milionário & José Rico.tmp/Info.plist,Music/Media.localized/Downloads-Music/De Longe Também Se Ama _ Milionário & José Rico (Edição Especial) _ Milionário & José Rico.tmp/Info.plist,project-grouping,workspace:Music,High,Deterministic path read: top-level folder segment under the target root.,false
CLS-20260802-160137,INV-20260802-142008,Music,/Users/eduardofgiovannini/Music/Music/Media.localized/Downloads-Music/De Longe Também Se Ama _ Milionário & José Rico (Edição Especial) _ Milionário & José Rico.tmp/Info.plist,Music/Media.localized/Downloads-Music/De Longe Também Se Ama _ Milionário & José Rico (Edição Especial) _ Milionário & José Rico.tmp/Info.plist,file-type,unclassified-type,Low,Extension 'plist' is not in the static type lookup.,true
CLS-20260802-160137,INV-20260802-142008,Music,/Users/eduardofgiovannini/Music/Music/Media.localized/Downloads-Music/Inversão de Valores _ Milionário & José Rico (Edição Especial) _ Milionário & José Rico.tmp/download.m4p,Music/Media.localized/Downloads-Music/Inversão de Valores _ Milionário & José Rico (Edição Especial) _ Milionário & José Rico.tmp/download.m4p,project-grouping,workspace:Music,High,Deterministic path read: top-level folder segment under the target root.,false
CLS-20260802-160137,INV-20260802-142008,Music,/Users/eduardofgiovannini/Music/Music/Media.localized/Downloads-Music/Inversão de Valores _ Milionário & José Rico (Edição Especial) _ Milionário & José Rico.tmp/download.m4p,Music/Media.localized/Downloads-Music/Inversão de Valores _ Milionário & José Rico (Edição Especial) _ Milionário & José Rico.tmp/download.m4p,file-type,unclassified-type,Low,Extension 'm4p' is not in the static type lookup.,true
CLS-20260802-160137,INV-20260802-142008,Music,/Users/eduardofgiovannini/Music/Music/Media.localized/Downloads-Music/Inversão de Valores _ Milionário & José Rico (Edição Especial) _ Milionário & José Rico.tmp/Info.plist,Music/Media.localized/Downloads-Music/Inversão de Valores _ Milionário & José Rico (Edição Especial) _ Milionário & José Rico.tmp/Info.plist,project-grouping,workspace:Music,High,Deterministic path read: top-level folder segment under the target root.,false
CLS-20260802-160137,INV-20260802-142008,Music,/Users/eduardofgiovannini/Music/Music/Media.localized/Downloads-Music/Inversão de Valores _ Milionário & José Rico (Edição Especial) _ Milionário & José Rico.tmp/Info.plist,Music/Media.localized/Downloads-Music/Inversão de Valores _ Milionário & José Rico (Edição Especial) _ Milionário & José Rico.tmp/Info.plist,file-type,unclassified-type,Low,Extension 'plist' is not in the static type lookup.,true
CLS-20260802-160137,INV-20260802-142008,Music,/Users/eduardofgiovannini/Music/Music/.DS_Store,Music/.DS_Store,project-grouping,workspace:Music,High,Deterministic path read: top-level folder segment under the target root.,false
CLS-20260802-160137,INV-20260802-142008,Music,/Users/eduardofgiovannini/Music/Music/.DS_Store,Music/.DS_Store,file-type,unclassified-type,Low,Extension '[none]' is not in the static type lookup.,true
CLS-20260802-160137,INV-20260802-142008,Music,/Users/eduardofgiovannini/Music/Music/Music Library.musiclibrary/Preferences/Queue.dat,Music/Music Library.musiclibrary/Preferences/Queue.dat,project-grouping,workspace:Music,High,Deterministic path read: top-level folder segment under the target root.,false
CLS-20260802-160137,INV-20260802-142008,Music,/Users/eduardofgiovannini/Music/Music/Music Library.musiclibrary/Preferences/Queue.dat,Music/Music Library.musiclibrary/Preferences/Queue.dat,file-type,unclassified-type,Low,Extension 'dat' is not in the static type lookup.,true
CLS-20260802-160137,INV-20260802-142008,Music,/Users/eduardofgiovannini/Music/Music/Music Library.musiclibrary/Preferences/History.dat,Music/Music Library.musiclibrary/Preferences/History.dat,project-grouping,workspace:Music,High,Deterministic path read: top-level folder segment under the target root.,false
CLS-20260802-160137,INV-20260802-142008,Music,/Users/eduardofgiovannini/Music/Music/Music Library.musiclibrary/Preferences/History.dat,Music/Music Library.musiclibrary/Preferences/History.dat,file-type,unclassified-type,Low,Extension 'dat' is not in the static type lookup.,true
CLS-20260802-160137,INV-20260802-142008,Music,/Users/eduardofgiovannini/Music/Music/Music Library.musiclibrary/Application.musicdb,Music/Music Library.musiclibrary/Application.musicdb,project-grouping,workspace:Music,High,Deterministic path read: top-level folder segment under the target root.,false
CLS-20260802-160137,INV-20260802-142008,Music,/Users/eduardofgiovannini/Music/Music/Music Library.musiclibrary/Application.musicdb,Music/Music Library.musiclibrary/Application.musicdb,file-type,unclassified-type,Low,Extension 'musicdb' is not in the static type lookup.,true
CLS-20260802-160137,INV-20260802-142008,Music,/Users/eduardofgiovannini/Music/Music/Music Library.musiclibrary/com.apple.MusicKit/downloaded_catalog_data/MusicCatalogData.db,Music/Music Library.musiclibrary/com.apple.MusicKit/downloaded_catalog_data/MusicCatalogData.db,project-grouping,workspace:Music,High,Deterministic path read: top-level folder segment under the target root.,false
CLS-20260802-160137,INV-20260802-142008,Music,/Users/eduardofgiovannini/Music/Music/Music Library.musiclibrary/com.apple.MusicKit/downloaded_catalog_data/MusicCatalogData.db,Music/Music Library.musiclibrary/com.apple.MusicKit/downloaded_catalog_data/MusicCatalogData.db,file-type,unclassified-type,Low,Extension 'db' is not in the static type lookup.,true
CLS-20260802-160137,INV-20260802-142008,Music,/Users/eduardofgiovannini/Music/Music/Music Library.musiclibrary/com.apple.MusicKit/downloaded_catalog_data/MusicCatalogData.db-wal,Music/Music Library.musiclibrary/com.apple.MusicKit/downloaded_catalog_data/MusicCatalogData.db-wal,project-grouping,workspace:Music,High,Deterministic path read: top-level folder segment under the target root.,false
CLS-20260802-160137,INV-20260802-142008,Music,/Users/eduardofgiovannini/Music/Music/Music Library.musiclibrary/com.apple.MusicKit/downloaded_catalog_data/MusicCatalogData.db-wal,Music/Music Library.musiclibrary/com.apple.MusicKit/downloaded_catalog_data/MusicCatalogData.db-wal,file-type,unclassified-type,Low,Extension 'db-wal' is not in the static type lookup.,true
CLS-20260802-160137,INV-20260802-142008,Music,/Users/eduardofgiovannini/Music/Music/Music Library.musiclibrary/com.apple.MusicKit/downloaded_catalog_data/MusicCatalogData.db-shm,Music/Music Library.musiclibrary/com.apple.MusicKit/downloaded_catalog_data/MusicCatalogData.db-shm,project-grouping,workspace:Music,High,Deterministic path read: top-level folder segment under the target root.,false
CLS-20260802-160137,INV-20260802-142008,Music,/Users/eduardofgiovannini/Music/Music/Music Library.musiclibrary/com.apple.MusicKit/downloaded_catalog_data/MusicCatalogData.db-shm,Music/Music Library.musiclibrary/com.apple.MusicKit/downloaded_catalog_data/MusicCatalogData.db-shm,file-type,unclassified-type,Low,Extension 'db-shm' is not in the static type lookup.,true
CLS-20260802-160137,INV-20260802-142008,Music,/Users/eduardofgiovannini/Music/Music/Music Library.musiclibrary/com.apple.MusicKit/RecentSearches.json,Music/Music Library.musiclibrary/com.apple.MusicKit/RecentSearches.json,project-grouping,workspace:Music,High,Deterministic path read: top-level folder segment under the target root.,false
CLS-20260802-160137,INV-20260802-142008,Music,/Users/eduardofgiovannini/Music/Music/Music Library.musiclibrary/com.apple.MusicKit/RecentSearches.json,Music/Music Library.musiclibrary/com.apple.MusicKit/RecentSearches.json,file-type,data,High,Extension .json matched the static type lookup.,false
CLS-20260802-160137,INV-20260802-142008,Music,/Users/eduardofgiovannini/Music/Music/Music Library.musiclibrary/Extras.itdb,Music/Music Library.musiclibrary/Extras.itdb,project-grouping,workspace:Music,High,Deterministic path read: top-level folder segment under the target root.,false
CLS-20260802-160137,INV-20260802-142008,Music,/Users/eduardofgiovannini/Music/Music/Music Library.musiclibrary/Extras.itdb,Music/Music Library.musiclibrary/Extras.itdb,file-type,unclassified-type,Low,Extension 'itdb' is not in the static type lookup.,true
CLS-20260802-160137,INV-20260802-142008,Music,/Users/eduardofgiovannini/Music/Music/Music Library.musiclibrary/sentinel,Music/Music Library.musiclibrary/sentinel,project-grouping,workspace:Music,High,Deterministic path read: top-level folder segment under the target root.,false
CLS-20260802-160137,INV-20260802-142008,Music,/Users/eduardofgiovannini/Music/Music/Music Library.musiclibrary/sentinel,Music/Music Library.musiclibrary/sentinel,file-type,unclassified-type,Low,Extension '[none]' is not in the static type lookup.,true
CLS-20260802-160137,INV-20260802-142008,Music,/Users/eduardofgiovannini/Music/Music/Music Library.musiclibrary/Library.musicdb,Music/Music Library.musiclibrary/Library.musicdb,project-grouping,workspace:Music,High,Deterministic path read: top-level folder segment under the target root.,false
CLS-20260802-160137,INV-20260802-142008,Music,/Users/eduardofgiovannini/Music/Music/Music Library.musiclibrary/Library.musicdb,Music/Music Library.musiclibrary/Library.musicdb,file-type,unclassified-type,Low,Extension 'musicdb' is not in the static type lookup.,true
CLS-20260802-160137,INV-20260802-142008,Music,/Users/eduardofgiovannini/Music/Music/Music Library.musiclibrary/Genius.itdb,Music/Music Library.musiclibrary/Genius.itdb,project-grouping,workspace:Music,High,Deterministic path read: top-level folder segment under the target root.,false
CLS-20260802-160137,INV-20260802-142008,Music,/Users/eduardofgiovannini/Music/Music/Music Library.musiclibrary/Genius.itdb,Music/Music Library.musiclibrary/Genius.itdb,file-type,unclassified-type,Low,Extension 'itdb' is not in the static type lookup.,true
CLS-20260802-160137,INV-20260802-142008,Music,/Users/eduardofgiovannini/Music/Music/Music Library.musiclibrary/Library Preferences.musicdb,Music/Music Library.musiclibrary/Library Preferences.musicdb,project-grouping,workspace:Music,High,Deterministic path read: top-level folder segment under the target root.,false
CLS-20260802-160137,INV-20260802-142008,Music,/Users/eduardofgiovannini/Music/Music/Music Library.musiclibrary/Library Preferences.musicdb,Music/Music Library.musiclibrary/Library Preferences.musicdb,file-type,unclassified-type,Low,Extension 'musicdb' is not in the static type lookup.,true
CLS-20260802-160137,INV-20260802-142008,Music,/Users/eduardofgiovannini/Music/Music/Music Library.musiclibrary/Preferences.plist,Music/Music Library.musiclibrary/Preferences.plist,project-grouping,workspace:Music,High,Deterministic path read: top-level folder segment under the target root.,false
CLS-20260802-160137,INV-20260802-142008,Music,/Users/eduardofgiovannini/Music/Music/Music Library.musiclibrary/Preferences.plist,Music/Music Library.musiclibrary/Preferences.plist,file-type,unclassified-type,Low,Extension 'plist' is not in the static type lookup.,true
CLS-20260802-160137,INV-20260802-142008,Music,/Users/eduardofgiovannini/Music/Music/Previous Libraries.localized/.localized/id.strings,Music/Previous Libraries.localized/.localized/id.strings,project-grouping,workspace:Music,High,Deterministic path read: top-level folder segment under the target root.,false
CLS-20260802-160137,INV-20260802-142008,Music,/Users/eduardofgiovannini/Music/Music/Previous Libraries.localized/.localized/id.strings,Music/Previous Libraries.localized/.localized/id.strings,file-type,unclassified-type,Low,Extension 'strings' is not in the static type lookup.,true
CLS-20260802-160137,INV-20260802-142008,Music,/Users/eduardofgiovannini/Music/Music/Previous Libraries.localized/.localized/en_CA.strings,Music/Previous Libraries.localized/.localized/en_CA.strings,project-grouping,workspace:Music,High,Deterministic path read: top-level folder segment under the target root.,false
CLS-20260802-160137,INV-20260802-142008,Music,/Users/eduardofgiovannini/Music/Music/Previous Libraries.localized/.localized/en_CA.strings,Music/Previous Libraries.localized/.localized/en_CA.strings,file-type,unclassified-type,Low,Extension 'strings' is not in the static type lookup.,true
CLS-20260802-160137,INV-20260802-142008,Music,/Users/eduardofgiovannini/Music/Music/Previous Libraries.localized/.localized/es.strings,Music/Previous Libraries.localized/.localized/es.strings,project-grouping,workspace:Music,High,Deterministic path read: top-level folder segment under the target root.,false
CLS-20260802-160137,INV-20260802-142008,Music,/Users/eduardofgiovannini/Music/Music/Previous Libraries.localized/.localized/es.strings,Music/Previous Libraries.localized/.localized/es.strings,file-type,unclassified-type,Low,Extension 'strings' is not in the static type lookup.,true
CLS-20260802-160137,INV-20260802-142008,Music,/Users/eduardofgiovannini/Music/Music/Previous Libraries.localized/.localized/no.strings,Music/Previous Libraries.localized/.localized/no.strings,project-grouping,workspace:Music,High,Deterministic path read: top-level folder segment under the target root.,false
CLS-20260802-160137,INV-20260802-142008,Music,/Users/eduardofgiovannini/Music/Music/Previous Libraries.localized/.localized/no.strings,Music/Previous Libraries.localized/.localized/no.strings,file-type,unclassified-type,Low,Extension 'strings' is not in the static type lookup.,true
CLS-20260802-160137,INV-20260802-142008,Music,/Users/eduardofgiovannini/Music/Music/Previous Libraries.localized/.localized/zh_TW.strings,Music/Previous Libraries.localized/.localized/zh_TW.strings,project-grouping,workspace:Music,High,Deterministic path read: top-level folder segment under the target root.,false
CLS-20260802-160137,INV-20260802-142008,Music,/Users/eduardofgiovannini/Music/Music/Previous Libraries.localized/.localized/zh_TW.strings,Music/Previous Libraries.localized/.localized/zh_TW.strings,file-type,unclassified-type,Low,Extension 'strings' is not in the static type lookup.,true
CLS-20260802-160137,INV-20260802-142008,Music,/Users/eduardofgiovannini/Music/Music/Previous Libraries.localized/.localized/fi.strings,Music/Previous Libraries.localized/.localized/fi.strings,project-grouping,workspace:Music,High,Deterministic path read: top-level folder segment under the target root.,false
CLS-20260802-160137,INV-20260802-142008,Music,/Users/eduardofgiovannini/Music/Music/Previous Libraries.localized/.localized/fi.strings,Music/Previous Libraries.localized/.localized/fi.strings,file-type,unclassified-type,Low,Extension 'strings' is not in the static type lookup.,true
CLS-20260802-160137,INV-20260802-142008,Music,/Users/eduardofgiovannini/Music/Music/Previous Libraries.localized/.localized/ru.strings,Music/Previous Libraries.localized/.localized/ru.strings,project-grouping,workspace:Music,High,Deterministic path read: top-level folder segment under the target root.,false
CLS-20260802-160137,INV-20260802-142008,Music,/Users/eduardofgiovannini/Music/Music/Previous Libraries.localized/.localized/ru.strings,Music/Previous Libraries.localized/.localized/ru.strings,file-type,unclassified-type,Low,Extension 'strings' is not in the static type lookup.,true
CLS-20260802-160137,INV-20260802-142008,Music,/Users/eduardofgiovannini/Music/Music/Previous Libraries.localized/.localized/en.strings,Music/Previous Libraries.localized/.localized/en.strings,project-grouping,workspace:Music,High,Deterministic path read: top-level folder segment under the target root.,false
CLS-20260802-160137,INV-20260802-142008,Music,/Users/eduardofgiovannini/Music/Music/Previous Libraries.localized/.localized/en.strings,Music/Previous Libraries.localized/.localized/en.strings,file-type,unclassified-type,Low,Extension 'strings' is not in the static type lookup.,true
CLS-20260802-160137,INV-20260802-142008,Music,/Users/eduardofgiovannini/Music/Music/Previous Libraries.localized/.localized/es_419.strings,Music/Previous Libraries.localized/.localized/es_419.strings,project-grouping,workspace:Music,High,Deterministic path read: top-level folder segment under the target root.,false
CLS-20260802-160137,INV-20260802-142008,Music,/Users/eduardofgiovannini/Music/Music/Previous Libraries.localized/.localized/es_419.strings,Music/Previous Libraries.localized/.localized/es_419.strings,file-type,unclassified-type,Low,Extension 'strings' is not in the static type lookup.,true
CLS-20260802-160137,INV-20260802-142008,Music,/Users/eduardofgiovannini/Music/Music/Previous Libraries.localized/.localized/he.strings,Music/Previous Libraries.localized/.localized/he.strings,project-grouping,workspace:Music,High,Deterministic path read: top-level folder segment under the target root.,false
CLS-20260802-160137,INV-20260802-142008,Music,/Users/eduardofgiovannini/Music/Music/Previous Libraries.localized/.localized/he.strings,Music/Previous Libraries.localized/.localized/he.strings,file-type,unclassified-type,Low,Extension 'strings' is not in the static type lookup.,true
CLS-20260802-160137,INV-20260802-142008,Music,/Users/eduardofgiovannini/Music/Music/Previous Libraries.localized/.localized/uk.strings,Music/Previous Libraries.localized/.localized/uk.strings,project-grouping,workspace:Music,High,Deterministic path read: top-level folder segment under the target root.,false
CLS-20260802-160137,INV-20260802-142008,Music,/Users/eduardofgiovannini/Music/Music/Previous Libraries.localized/.localized/uk.strings,Music/Previous Libraries.localized/.localized/uk.strings,file-type,unclassified-type,Low,Extension 'strings' is not in the static type lookup.,true
CLS-20260802-160137,INV-20260802-142008,Music,/Users/eduardofgiovannini/Music/Music/Previous Libraries.localized/.localized/fr_CA.strings,Music/Previous Libraries.localized/.localized/fr_CA.strings,project-grouping,workspace:Music,High,Deterministic path read: top-level folder segment under the target root.,false
CLS-20260802-160137,INV-20260802-142008,Music,/Users/eduardofgiovannini/Music/Music/Previous Libraries.localized/.localized/fr_CA.strings,Music/Previous Libraries.localized/.localized/fr_CA.strings,file-type,unclassified-type,Low,Extension 'strings' is not in the static type lookup.,true
CLS-20260802-160137,INV-20260802-142008,Music,/Users/eduardofgiovannini/Music/Music/Previous Libraries.localized/.localized/nl.strings,Music/Previous Libraries.localized/.localized/nl.strings,project-grouping,workspace:Music,High,Deterministic path read: top-level folder segment under the target root.,false
CLS-20260802-160137,INV-20260802-142008,Music,/Users/eduardofgiovannini/Music/Music/Previous Libraries.localized/.localized/nl.strings,Music/Previous Libraries.localized/.localized/nl.strings,file-type,unclassified-type,Low,Extension 'strings' is not in the static type lookup.,true
CLS-20260802-160137,INV-20260802-142008,Music,/Users/eduardofgiovannini/Music/Music/Previous Libraries.localized/.localized/de.strings,Music/Previous Libraries.localized/.localized/de.strings,project-grouping,workspace:Music,High,Deterministic path read: top-level folder segment under the target root.,false
CLS-20260802-160137,INV-20260802-142008,Music,/Users/eduardofgiovannini/Music/Music/Previous Libraries.localized/.localized/de.strings,Music/Previous Libraries.localized/.localized/de.strings,file-type,unclassified-type,Low,Extension 'strings' is not in the static type lookup.,true
CLS-20260802-160137,INV-20260802-142008,Music,/Users/eduardofgiovannini/Music/Music/Previous Libraries.localized/.localized/ja.strings,Music/Previous Libraries.localized/.localized/ja.strings,project-grouping,workspace:Music,High,Deterministic path read: top-level folder segment under the target root.,false
CLS-20260802-160137,INV-20260802-142008,Music,/Users/eduardofgiovannini/Music/Music/Previous Libraries.localized/.localized/ja.strings,Music/Previous Libraries.localized/.localized/ja.strings,file-type,unclassified-type,Low,Extension 'strings' is not in the static type lookup.,true
CLS-20260802-160137,INV-20260802-142008,Music,/Users/eduardofgiovannini/Music/Music/Previous Libraries.localized/.localized/sk.strings,Music/Previous Libraries.localized/.localized/sk.strings,project-grouping,workspace:Music,High,Deterministic path read: top-level folder segment under the target root.,false
CLS-20260802-160137,INV-20260802-142008,Music,/Users/eduardofgiovannini/Music/Music/Previous Libraries.localized/.localized/sk.strings,Music/Previous Libraries.localized/.localized/sk.strings,file-type,unclassified-type,Low,Extension 'strings' is not in the static type lookup.,true
CLS-20260802-160137,INV-20260802-142008,Music,/Users/eduardofgiovannini/Music/Music/Previous Libraries.localized/.localized/hr.strings,Music/Previous Libraries.localized/.localized/hr.strings,project-grouping,workspace:Music,High,Deterministic path read: top-level folder segment under the target root.,false
CLS-20260802-160137,INV-20260802-142008,Music,/Users/eduardofgiovannini/Music/Music/Previous Libraries.localized/.localized/hr.strings,Music/Previous Libraries.localized/.localized/hr.strings,file-type,unclassified-type,Low,Extension 'strings' is not in the static type lookup.,true
CLS-20260802-160137,INV-20260802-142008,Music,/Users/eduardofgiovannini/Music/Music/Previous Libraries.localized/.localized/el.strings,Music/Previous Libraries.localized/.localized/el.strings,project-grouping,workspace:Music,High,Deterministic path read: top-level folder segment under the target root.,false
CLS-20260802-160137,INV-20260802-142008,Music,/Users/eduardofgiovannini/Music/Music/Previous Libraries.localized/.localized/el.strings,Music/Previous Libraries.localized/.localized/el.strings,file-type,unclassified-type,Low,Extension 'strings' is not in the static type lookup.,true
CLS-20260802-160137,INV-20260802-142008,Music,/Users/eduardofgiovannini/Music/Music/Previous Libraries.localized/.localized/en_PH.strings,Music/Previous Libraries.localized/.localized/en_PH.strings,project-grouping,workspace:Music,High,Deterministic path read: top-level folder segment under the target root.,false
CLS-20260802-160137,INV-20260802-142008,Music,/Users/eduardofgiovannini/Music/Music/Previous Libraries.localized/.localized/en_PH.strings,Music/Previous Libraries.localized/.localized/en_PH.strings,file-type,unclassified-type,Low,Extension 'strings' is not in the static type lookup.,true
CLS-20260802-160137,INV-20260802-142008,Music,/Users/eduardofgiovannini/Music/Music/Previous Libraries.localized/.localized/th.strings,Music/Previous Libraries.localized/.localized/th.strings,project-grouping,workspace:Music,High,Deterministic path read: top-level folder segment under the target root.,false
CLS-20260802-160137,INV-20260802-142008,Music,/Users/eduardofgiovannini/Music/Music/Previous Libraries.localized/.localized/th.strings,Music/Previous Libraries.localized/.localized/th.strings,file-type,unclassified-type,Low,Extension 'strings' is not in the static type lookup.,true
CLS-20260802-160137,INV-20260802-142008,Music,/Users/eduardofgiovannini/Music/Music/Previous Libraries.localized/.localized/zh_CN.strings,Music/Previous Libraries.localized/.localized/zh_CN.strings,project-grouping,workspace:Music,High,Deterministic path read: top-level folder segment under the target root.,false
CLS-20260802-160137,INV-20260802-142008,Music,/Users/eduardofgiovannini/Music/Music/Previous Libraries.localized/.localized/zh_CN.strings,Music/Previous Libraries.localized/.localized/zh_CN.strings,file-type,unclassified-type,Low,Extension 'strings' is not in the static type lookup.,true
CLS-20260802-160137,INV-20260802-142008,Music,/Users/eduardofgiovannini/Music/Music/Previous Libraries.localized/.localized/cs.strings,Music/Previous Libraries.localized/.localized/cs.strings,project-grouping,workspace:Music,High,Deterministic path read: top-level folder segment under the target root.,false
CLS-20260802-160137,INV-20260802-142008,Music,/Users/eduardofgiovannini/Music/Music/Previous Libraries.localized/.localized/cs.strings,Music/Previous Libraries.localized/.localized/cs.strings,file-type,unclassified-type,Low,Extension 'strings' is not in the static type lookup.,true
CLS-20260802-160137,INV-20260802-142008,Music,/Users/eduardofgiovannini/Music/Music/Previous Libraries.localized/.localized/sv.strings,Music/Previous Libraries.localized/.localized/sv.strings,project-grouping,workspace:Music,High,Deterministic path read: top-level folder segment under the target root.,false
CLS-20260802-160137,INV-20260802-142008,Music,/Users/eduardofgiovannini/Music/Music/Previous Libraries.localized/.localized/sv.strings,Music/Previous Libraries.localized/.localized/sv.strings,file-type,unclassified-type,Low,Extension 'strings' is not in the static type lookup.,true
CLS-20260802-160137,INV-20260802-142008,Music,/Users/eduardofgiovannini/Music/Music/Previous Libraries.localized/.localized/pl.strings,Music/Previous Libraries.localized/.localized/pl.strings,project-grouping,workspace:Music,High,Deterministic path read: top-level folder segment under the target root.,false
CLS-20260802-160137,INV-20260802-142008,Music,/Users/eduardofgiovannini/Music/Music/Previous Libraries.localized/.localized/pl.strings,Music/Previous Libraries.localized/.localized/pl.strings,file-type,unclassified-type,Low,Extension 'strings' is not in the static type lookup.,true
CLS-20260802-160137,INV-20260802-142008,Music,/Users/eduardofgiovannini/Music/Music/Previous Libraries.localized/.localized/zh_HK.strings,Music/Previous Libraries.localized/.localized/zh_HK.strings,project-grouping,workspace:Music,High,Deterministic path read: top-level folder segment under the target root.,false
CLS-20260802-160137,INV-20260802-142008,Music,/Users/eduardofgiovannini/Music/Music/Previous Libraries.localized/.localized/zh_HK.strings,Music/Previous Libraries.localized/.localized/zh_HK.strings,file-type,unclassified-type,Low,Extension 'strings' is not in the static type lookup.,true
CLS-20260802-160137,INV-20260802-142008,Music,/Users/eduardofgiovannini/Music/Music/Previous Libraries.localized/.localized/en_GB.strings,Music/Previous Libraries.localized/.localized/en_GB.strings,project-grouping,workspace:Music,High,Deterministic path read: top-level folder segment under the target root.,false
CLS-20260802-160137,INV-20260802-142008,Music,/Users/eduardofgiovannini/Music/Music/Previous Libraries.localized/.localized/en_GB.strings,Music/Previous Libraries.localized/.localized/en_GB.strings,file-type,unclassified-type,Low,Extension 'strings' is not in the static type lookup.,true
CLS-20260802-160137,INV-20260802-142008,Music,/Users/eduardofgiovannini/Music/Music/Previous Libraries.localized/.localized/en_AU.strings,Music/Previous Libraries.localized/.localized/en_AU.strings,project-grouping,workspace:Music,High,Deterministic path read: top-level folder segment under the target root.,false
CLS-20260802-160137,INV-20260802-142008,Music,/Users/eduardofgiovannini/Music/Music/Previous Libraries.localized/.localized/en_AU.strings,Music/Previous Libraries.localized/.localized/en_AU.strings,file-type,unclassified-type,Low,Extension 'strings' is not in the static type lookup.,true
CLS-20260802-160137,INV-20260802-142008,Music,/Users/eduardofgiovannini/Music/Music/Previous Libraries.localized/.localized/da.strings,Music/Previous Libraries.localized/.localized/da.strings,project-grouping,workspace:Music,High,Deterministic path read: top-level folder segment under the target root.,false
CLS-20260802-160137,INV-20260802-142008,Music,/Users/eduardofgiovannini/Music/Music/Previous Libraries.localized/.localized/da.strings,Music/Previous Libraries.localized/.localized/da.strings,file-type,unclassified-type,Low,Extension 'strings' is not in the static type lookup.,true
CLS-20260802-160137,INV-20260802-142008,Music,/Users/eduardofgiovannini/Music/Music/Previous Libraries.localized/.localized/fr.strings,Music/Previous Libraries.localized/.localized/fr.strings,project-grouping,workspace:Music,High,Deterministic path read: top-level folder segment under the target root.,false
CLS-20260802-160137,INV-20260802-142008,Music,/Users/eduardofgiovannini/Music/Music/Previous Libraries.localized/.localized/fr.strings,Music/Previous Libraries.localized/.localized/fr.strings,file-type,unclassified-type,Low,Extension 'strings' is not in the static type lookup.,true
CLS-20260802-160137,INV-20260802-142008,Music,/Users/eduardofgiovannini/Music/Music/Previous Libraries.localized/.localized/ro.strings,Music/Previous Libraries.localized/.localized/ro.strings,project-grouping,workspace:Music,High,Deterministic path read: top-level folder segment under the target root.,false
CLS-20260802-160137,INV-20260802-142008,Music,/Users/eduardofgiovannini/Music/Music/Previous Libraries.localized/.localized/ro.strings,Music/Previous Libraries.localized/.localized/ro.strings,file-type,unclassified-type,Low,Extension 'strings' is not in the static type lookup.,true
CLS-20260802-160137,INV-20260802-142008,Music,/Users/eduardofgiovannini/Music/Music/Previous Libraries.localized/.localized/pt.strings,Music/Previous Libraries.localized/.localized/pt.strings,project-grouping,workspace:Music,High,Deterministic path read: top-level folder segment under the target root.,false
CLS-20260802-160137,INV-20260802-142008,Music,/Users/eduardofgiovannini/Music/Music/Previous Libraries.localized/.localized/pt.strings,Music/Previous Libraries.localized/.localized/pt.strings,file-type,unclassified-type,Low,Extension 'strings' is not in the static type lookup.,true
CLS-20260802-160137,INV-20260802-142008,Music,/Users/eduardofgiovannini/Music/Music/Previous Libraries.localized/.localized/en_IN.strings,Music/Previous Libraries.localized/.localized/en_IN.strings,project-grouping,workspace:Music,High,Deterministic path read: top-level folder segment under the target root.,false
CLS-20260802-160137,INV-20260802-142008,Music,/Users/eduardofgiovannini/Music/Music/Previous Libraries.localized/.localized/en_IN.strings,Music/Previous Libraries.localized/.localized/en_IN.strings,file-type,unclassified-type,Low,Extension 'strings' is not in the static type lookup.,true
CLS-20260802-160137,INV-20260802-142008,Music,/Users/eduardofgiovannini/Music/Music/Previous Libraries.localized/.localized/pt_PT.strings,Music/Previous Libraries.localized/.localized/pt_PT.strings,project-grouping,workspace:Music,High,Deterministic path read: top-level folder segment under the target root.,false
CLS-20260802-160137,INV-20260802-142008,Music,/Users/eduardofgiovannini/Music/Music/Previous Libraries.localized/.localized/pt_PT.strings,Music/Previous Libraries.localized/.localized/pt_PT.strings,file-type,unclassified-type,Low,Extension 'strings' is not in the static type lookup.,true
CLS-20260802-160137,INV-20260802-142008,Music,/Users/eduardofgiovannini/Music/Music/Previous Libraries.localized/.localized/ms.strings,Music/Previous Libraries.localized/.localized/ms.strings,project-grouping,workspace:Music,High,Deterministic path read: top-level folder segment under the target root.,false
CLS-20260802-160137,INV-20260802-142008,Music,/Users/eduardofgiovannini/Music/Music/Previous Libraries.localized/.localized/ms.strings,Music/Previous Libraries.localized/.localized/ms.strings,file-type,unclassified-type,Low,Extension 'strings' is not in the static type lookup.,true
CLS-20260802-160137,INV-20260802-142008,Music,/Users/eduardofgiovannini/Music/Music/Previous Libraries.localized/.localized/ko.strings,Music/Previous Libraries.localized/.localized/ko.strings,project-grouping,workspace:Music,High,Deterministic path read: top-level folder segment under the target root.,false
CLS-20260802-160137,INV-20260802-142008,Music,/Users/eduardofgiovannini/Music/Music/Previous Libraries.localized/.localized/ko.strings,Music/Previous Libraries.localized/.localized/ko.strings,file-type,unclassified-type,Low,Extension 'strings' is not in the static type lookup.,true
CLS-20260802-160137,INV-20260802-142008,Music,/Users/eduardofgiovannini/Music/Music/Previous Libraries.localized/.localized/sl.strings,Music/Previous Libraries.localized/.localized/sl.strings,project-grouping,workspace:Music,High,Deterministic path read: top-level folder segment under the target root.,false
CLS-20260802-160137,INV-20260802-142008,Music,/Users/eduardofgiovannini/Music/Music/Previous Libraries.localized/.localized/sl.strings,Music/Previous Libraries.localized/.localized/sl.strings,file-type,unclassified-type,Low,Extension 'strings' is not in the static type lookup.,true
CLS-20260802-160137,INV-20260802-142008,Music,/Users/eduardofgiovannini/Music/Music/Previous Libraries.localized/.localized/hu.strings,Music/Previous Libraries.localized/.localized/hu.strings,project-grouping,workspace:Music,High,Deterministic path read: top-level folder segment under the target root.,false
CLS-20260802-160137,INV-20260802-142008,Music,/Users/eduardofgiovannini/Music/Music/Previous Libraries.localized/.localized/hu.strings,Music/Previous Libraries.localized/.localized/hu.strings,file-type,unclassified-type,Low,Extension 'strings' is not in the static type lookup.,true
CLS-20260802-160137,INV-20260802-142008,Music,/Users/eduardofgiovannini/Music/Music/Previous Libraries.localized/.localized/hi.strings,Music/Previous Libraries.localized/.localized/hi.strings,project-grouping,workspace:Music,High,Deterministic path read: top-level folder segment under the target root.,false
CLS-20260802-160137,INV-20260802-142008,Music,/Users/eduardofgiovannini/Music/Music/Previous Libraries.localized/.localized/hi.strings,Music/Previous Libraries.localized/.localized/hi.strings,file-type,unclassified-type,Low,Extension 'strings' is not in the static type lookup.,true
CLS-20260802-160137,INV-20260802-142008,Music,/Users/eduardofgiovannini/Music/Music/Previous Libraries.localized/.localized/tr.strings,Music/Previous Libraries.localized/.localized/tr.strings,project-grouping,workspace:Music,High,Deterministic path read: top-level folder segment under the target root.,false
CLS-20260802-160137,INV-20260802-142008,Music,/Users/eduardofgiovannini/Music/Music/Previous Libraries.localized/.localized/tr.strings,Music/Previous Libraries.localized/.localized/tr.strings,file-type,unclassified-type,Low,Extension 'strings' is not in the static type lookup.,true
CLS-20260802-160137,INV-20260802-142008,Music,/Users/eduardofgiovannini/Music/Music/Previous Libraries.localized/.localized/vi.strings,Music/Previous Libraries.localized/.localized/vi.strings,project-grouping,workspace:Music,High,Deterministic path read: top-level folder segment under the target root.,false
CLS-20260802-160137,INV-20260802-142008,Music,/Users/eduardofgiovannini/Music/Music/Previous Libraries.localized/.localized/vi.strings,Music/Previous Libraries.localized/.localized/vi.strings,file-type,unclassified-type,Low,Extension 'strings' is not in the static type lookup.,true
CLS-20260802-160137,INV-20260802-142008,Music,/Users/eduardofgiovannini/Music/Music/Previous Libraries.localized/.localized/es_US.strings,Music/Previous Libraries.localized/.localized/es_US.strings,project-grouping,workspace:Music,High,Deterministic path read: top-level folder segment under the target root.,false
CLS-20260802-160137,INV-20260802-142008,Music,/Users/eduardofgiovannini/Music/Music/Previous Libraries.localized/.localized/es_US.strings,Music/Previous Libraries.localized/.localized/es_US.strings,file-type,unclassified-type,Low,Extension 'strings' is not in the static type lookup.,true
CLS-20260802-160137,INV-20260802-142008,Music,/Users/eduardofgiovannini/Music/Music/Previous Libraries.localized/.localized/ca.strings,Music/Previous Libraries.localized/.localized/ca.strings,project-grouping,workspace:Music,High,Deterministic path read: top-level folder segment under the target root.,false
CLS-20260802-160137,INV-20260802-142008,Music,/Users/eduardofgiovannini/Music/Music/Previous Libraries.localized/.localized/ca.strings,Music/Previous Libraries.localized/.localized/ca.strings,file-type,unclassified-type,Low,Extension 'strings' is not in the static type lookup.,true
CLS-20260802-160137,INV-20260802-142008,Music,/Users/eduardofgiovannini/Music/Music/Previous Libraries.localized/.localized/ar.strings,Music/Previous Libraries.localized/.localized/ar.strings,project-grouping,workspace:Music,High,Deterministic path read: top-level folder segment under the target root.,false
CLS-20260802-160137,INV-20260802-142008,Music,/Users/eduardofgiovannini/Music/Music/Previous Libraries.localized/.localized/ar.strings,Music/Previous Libraries.localized/.localized/ar.strings,file-type,unclassified-type,Low,Extension 'strings' is not in the static type lookup.,true
CLS-20260802-160137,INV-20260802-142008,Music,/Users/eduardofgiovannini/Music/Music/Previous Libraries.localized/.localized/it.strings,Music/Previous Libraries.localized/.localized/it.strings,project-grouping,workspace:Music,High,Deterministic path read: top-level folder segment under the target root.,false
CLS-20260802-160137,INV-20260802-142008,Music,/Users/eduardofgiovannini/Music/Music/Previous Libraries.localized/.localized/it.strings,Music/Previous Libraries.localized/.localized/it.strings,file-type,unclassified-type,Low,Extension 'strings' is not in the static type lookup.,true
CLS-20260802-160137,INV-20260802-142008,Music,/Users/eduardofgiovannini/Music/Music/Previous Libraries.localized/Music Library [2026-07-08 14.12.27].musiclibrary/Preferences/Queue.dat,Music/Previous Libraries.localized/Music Library [2026-07-08 14.12.27].musiclibrary/Preferences/Queue.dat,project-grouping,workspace:Music,High,Deterministic path read: top-level folder segment under the target root.,false
CLS-20260802-160137,INV-20260802-142008,Music,/Users/eduardofgiovannini/Music/Music/Previous Libraries.localized/Music Library [2026-07-08 14.12.27].musiclibrary/Preferences/Queue.dat,Music/Previous Libraries.localized/Music Library [2026-07-08 14.12.27].musiclibrary/Preferences/Queue.dat,file-type,unclassified-type,Low,Extension 'dat' is not in the static type lookup.,true
CLS-20260802-160137,INV-20260802-142008,Music,/Users/eduardofgiovannini/Music/Music/Previous Libraries.localized/Music Library [2026-07-08 14.12.27].musiclibrary/Preferences/History.dat,Music/Previous Libraries.localized/Music Library [2026-07-08 14.12.27].musiclibrary/Preferences/History.dat,project-grouping,workspace:Music,High,Deterministic path read: top-level folder segment under the target root.,false
CLS-20260802-160137,INV-20260802-142008,Music,/Users/eduardofgiovannini/Music/Music/Previous Libraries.localized/Music Library [2026-07-08 14.12.27].musiclibrary/Preferences/History.dat,Music/Previous Libraries.localized/Music Library [2026-07-08 14.12.27].musiclibrary/Preferences/History.dat,file-type,unclassified-type,Low,Extension 'dat' is not in the static type lookup.,true
CLS-20260802-160137,INV-20260802-142008,Music,/Users/eduardofgiovannini/Music/Music/Previous Libraries.localized/Music Library [2026-07-08 14.12.27].musiclibrary/Application.musicdb,Music/Previous Libraries.localized/Music Library [2026-07-08 14.12.27].musiclibrary/Application.musicdb,project-grouping,workspace:Music,High,Deterministic path read: top-level folder segment under the target root.,false
CLS-20260802-160137,INV-20260802-142008,Music,/Users/eduardofgiovannini/Music/Music/Previous Libraries.localized/Music Library [2026-07-08 14.12.27].musiclibrary/Application.musicdb,Music/Previous Libraries.localized/Music Library [2026-07-08 14.12.27].musiclibrary/Application.musicdb,file-type,unclassified-type,Low,Extension 'musicdb' is not in the static type lookup.,true
CLS-20260802-160137,INV-20260802-142008,Music,/Users/eduardofgiovannini/Music/Music/Previous Libraries.localized/Music Library [2026-07-08 14.12.27].musiclibrary/com.apple.MusicKit/downloaded_catalog_data/MusicCatalogData.db,Music/Previous Libraries.localized/Music Library [2026-07-08 14.12.27].musiclibrary/com.apple.MusicKit/downloaded_catalog_data/MusicCatalogData.db,project-grouping,workspace:Music,High,Deterministic path read: top-level folder segment under the target root.,false
CLS-20260802-160137,INV-20260802-142008,Music,/Users/eduardofgiovannini/Music/Music/Previous Libraries.localized/Music Library [2026-07-08 14.12.27].musiclibrary/com.apple.MusicKit/downloaded_catalog_data/MusicCatalogData.db,Music/Previous Libraries.localized/Music Library [2026-07-08 14.12.27].musiclibrary/com.apple.MusicKit/downloaded_catalog_data/MusicCatalogData.db,file-type,unclassified-type,Low,Extension 'db' is not in the static type lookup.,true
CLS-20260802-160137,INV-20260802-142008,Music,/Users/eduardofgiovannini/Music/Music/Previous Libraries.localized/Music Library [2026-07-08 14.12.27].musiclibrary/com.apple.MusicKit/downloaded_catalog_data/MusicCatalogData.db-wal,Music/Previous Libraries.localized/Music Library [2026-07-08 14.12.27].musiclibrary/com.apple.MusicKit/downloaded_catalog_data/MusicCatalogData.db-wal,project-grouping,workspace:Music,High,Deterministic path read: top-level folder segment under the target root.,false
CLS-20260802-160137,INV-20260802-142008,Music,/Users/eduardofgiovannini/Music/Music/Previous Libraries.localized/Music Library [2026-07-08 14.12.27].musiclibrary/com.apple.MusicKit/downloaded_catalog_data/MusicCatalogData.db-wal,Music/Previous Libraries.localized/Music Library [2026-07-08 14.12.27].musiclibrary/com.apple.MusicKit/downloaded_catalog_data/MusicCatalogData.db-wal,file-type,unclassified-type,Low,Extension 'db-wal' is not in the static type lookup.,true
CLS-20260802-160137,INV-20260802-142008,Music,/Users/eduardofgiovannini/Music/Music/Previous Libraries.localized/Music Library [2026-07-08 14.12.27].musiclibrary/com.apple.MusicKit/downloaded_catalog_data/MusicCatalogData.db-shm,Music/Previous Libraries.localized/Music Library [2026-07-08 14.12.27].musiclibrary/com.apple.MusicKit/downloaded_catalog_data/MusicCatalogData.db-shm,project-grouping,workspace:Music,High,Deterministic path read: top-level folder segment under the target root.,false
CLS-20260802-160137,INV-20260802-142008,Music,/Users/eduardofgiovannini/Music/Music/Previous Libraries.localized/Music Library [2026-07-08 14.12.27].musiclibrary/com.apple.MusicKit/downloaded_catalog_data/MusicCatalogData.db-shm,Music/Previous Libraries.localized/Music Library [2026-07-08 14.12.27].musiclibrary/com.apple.MusicKit/downloaded_catalog_data/MusicCatalogData.db-shm,file-type,unclassified-type,Low,Extension 'db-shm' is not in the static type lookup.,true
CLS-20260802-160137,INV-20260802-142008,Music,/Users/eduardofgiovannini/Music/Music/Previous Libraries.localized/Music Library [2026-07-08 14.12.27].musiclibrary/Extras.itdb,Music/Previous Libraries.localized/Music Library [2026-07-08 14.12.27].musiclibrary/Extras.itdb,project-grouping,workspace:Music,High,Deterministic path read: top-level folder segment under the target root.,false
CLS-20260802-160137,INV-20260802-142008,Music,/Users/eduardofgiovannini/Music/Music/Previous Libraries.localized/Music Library [2026-07-08 14.12.27].musiclibrary/Extras.itdb,Music/Previous Libraries.localized/Music Library [2026-07-08 14.12.27].musiclibrary/Extras.itdb,file-type,unclassified-type,Low,Extension 'itdb' is not in the static type lookup.,true
CLS-20260802-160137,INV-20260802-142008,Music,/Users/eduardofgiovannini/Music/Music/Previous Libraries.localized/Music Library [2026-07-08 14.12.27].musiclibrary/sentinel,Music/Previous Libraries.localized/Music Library [2026-07-08 14.12.27].musiclibrary/sentinel,project-grouping,workspace:Music,High,Deterministic path read: top-level folder segment under the target root.,false
CLS-20260802-160137,INV-20260802-142008,Music,/Users/eduardofgiovannini/Music/Music/Previous Libraries.localized/Music Library [2026-07-08 14.12.27].musiclibrary/sentinel,Music/Previous Libraries.localized/Music Library [2026-07-08 14.12.27].musiclibrary/sentinel,file-type,unclassified-type,Low,Extension '[none]' is not in the static type lookup.,true
CLS-20260802-160137,INV-20260802-142008,Music,/Users/eduardofgiovannini/Music/Music/Previous Libraries.localized/Music Library [2026-07-08 14.12.27].musiclibrary/Library.musicdb,Music/Previous Libraries.localized/Music Library [2026-07-08 14.12.27].musiclibrary/Library.musicdb,project-grouping,workspace:Music,High,Deterministic path read: top-level folder segment under the target root.,false
CLS-20260802-160137,INV-20260802-142008,Music,/Users/eduardofgiovannini/Music/Music/Previous Libraries.localized/Music Library [2026-07-08 14.12.27].musiclibrary/Library.musicdb,Music/Previous Libraries.localized/Music Library [2026-07-08 14.12.27].musiclibrary/Library.musicdb,file-type,unclassified-type,Low,Extension 'musicdb' is not in the static type lookup.,true
CLS-20260802-160137,INV-20260802-142008,Music,/Users/eduardofgiovannini/Music/Music/Previous Libraries.localized/Music Library [2026-07-08 14.12.27].musiclibrary/Genius.itdb,Music/Previous Libraries.localized/Music Library [2026-07-08 14.12.27].musiclibrary/Genius.itdb,project-grouping,workspace:Music,High,Deterministic path read: top-level folder segment under the target root.,false
CLS-20260802-160137,INV-20260802-142008,Music,/Users/eduardofgiovannini/Music/Music/Previous Libraries.localized/Music Library [2026-07-08 14.12.27].musiclibrary/Genius.itdb,Music/Previous Libraries.localized/Music Library [2026-07-08 14.12.27].musiclibrary/Genius.itdb,file-type,unclassified-type,Low,Extension 'itdb' is not in the static type lookup.,true
CLS-20260802-160137,INV-20260802-142008,Music,/Users/eduardofgiovannini/Music/Music/Previous Libraries.localized/Music Library [2026-07-08 14.12.27].musiclibrary/Library Preferences.musicdb,Music/Previous Libraries.localized/Music Library [2026-07-08 14.12.27].musiclibrary/Library Preferences.musicdb,project-grouping,workspace:Music,High,Deterministic path read: top-level folder segment under the target root.,false
CLS-20260802-160137,INV-20260802-142008,Music,/Users/eduardofgiovannini/Music/Music/Previous Libraries.localized/Music Library [2026-07-08 14.12.27].musiclibrary/Library Preferences.musicdb,Music/Previous Libraries.localized/Music Library [2026-07-08 14.12.27].musiclibrary/Library Preferences.musicdb,file-type,unclassified-type,Low,Extension 'musicdb' is not in the static type lookup.,true
CLS-20260802-160137,INV-20260802-142008,Music,/Users/eduardofgiovannini/Music/Music/Previous Libraries.localized/Music Library [2026-07-08 14.12.27].musiclibrary/Preferences.plist,Music/Previous Libraries.localized/Music Library [2026-07-08 14.12.27].musiclibrary/Preferences.plist,project-grouping,workspace:Music,High,Deterministic path read: top-level folder segment under the target root.,false
CLS-20260802-160137,INV-20260802-142008,Music,/Users/eduardofgiovannini/Music/Music/Previous Libraries.localized/Music Library [2026-07-08 14.12.27].musiclibrary/Preferences.plist,Music/Previous Libraries.localized/Music Library [2026-07-08 14.12.27].musiclibrary/Preferences.plist,file-type,unclassified-type,Low,Extension 'plist' is not in the static type lookup.,true
CLS-20260802-160137,INV-20260802-142008,Music,/Users/eduardofgiovannini/Music/.localized,.localized,project-grouping,workspace:root,High,Deterministic path read: top-level folder segment under the target root.,false
CLS-20260802-160137,INV-20260802-142008,Music,/Users/eduardofgiovannini/Music/.localized,.localized,file-type,unclassified-type,Low,Extension '[none]' is not in the static type lookup.,true
CLS-20260802-160137,INV-20260802-142008,Music,/Users/eduardofgiovannini/Music/Music/Media.localized/Downloads-Music/Estrada da Vida _ Milionário & José Rico (Edição Especial) _ Milionário & José Rico.tmp/Info.plist,Music/Media.localized/Downloads-Music/Estrada da Vida _ Milionário & José Rico (Edição Especial) _ Milionário & José Rico.tmp/Info.plist,duplicate-risk,possible-duplicate-candidate,Medium,"Exact name+size match (1056 bytes) across 3 entries. Name+size is a heuristic, not a content-hash proof (RISK_REGISTER R8).",true
CLS-20260802-160137,INV-20260802-142008,Music,/Users/eduardofgiovannini/Music/Music/Media.localized/Downloads-Music/De Longe Também Se Ama _ Milionário & José Rico (Edição Especial) _ Milionário & José Rico.tmp/Info.plist,Music/Media.localized/Downloads-Music/De Longe Também Se Ama _ Milionário & José Rico (Edição Especial) _ Milionário & José Rico.tmp/Info.plist,duplicate-risk,possible-duplicate-candidate,Medium,"Exact name+size match (1056 bytes) across 3 entries. Name+size is a heuristic, not a content-hash proof (RISK_REGISTER R8).",true
CLS-20260802-160137,INV-20260802-142008,Music,/Users/eduardofgiovannini/Music/Music/Media.localized/Downloads-Music/Inversão de Valores _ Milionário & José Rico (Edição Especial) _ Milionário & José Rico.tmp/Info.plist,Music/Media.localized/Downloads-Music/Inversão de Valores _ Milionário & José Rico (Edição Especial) _ Milionário & José Rico.tmp/Info.plist,duplicate-risk,possible-duplicate-candidate,Medium,"Exact name+size match (1056 bytes) across 3 entries. Name+size is a heuristic, not a content-hash proof (RISK_REGISTER R8).",true
CLS-20260802-160137,INV-20260802-142008,Music,/Users/eduardofgiovannini/Music/Music/Music Library.musiclibrary/com.apple.MusicKit/downloaded_catalog_data/MusicCatalogData.db,Music/Music Library.musiclibrary/com.apple.MusicKit/downloaded_catalog_data/MusicCatalogData.db,duplicate-risk,possible-duplicate-candidate,Medium,"Exact name+size match (20480 bytes) across 2 entries. Name+size is a heuristic, not a content-hash proof (RISK_REGISTER R8).",true
CLS-20260802-160137,INV-20260802-142008,Music,/Users/eduardofgiovannini/Music/Music/Previous Libraries.localized/Music Library [2026-07-08 14.12.27].musiclibrary/com.apple.MusicKit/downloaded_catalog_data/MusicCatalogData.db,Music/Previous Libraries.localized/Music Library [2026-07-08 14.12.27].musiclibrary/com.apple.MusicKit/downloaded_catalog_data/MusicCatalogData.db,duplicate-risk,possible-duplicate-candidate,Medium,"Exact name+size match (20480 bytes) across 2 entries. Name+size is a heuristic, not a content-hash proof (RISK_REGISTER R8).",true
CLS-20260802-160137,INV-20260802-142008,Music,/Users/eduardofgiovannini/Music/Music/Music Library.musiclibrary/com.apple.MusicKit/downloaded_catalog_data/MusicCatalogData.db-shm,Music/Music Library.musiclibrary/com.apple.MusicKit/downloaded_catalog_data/MusicCatalogData.db-shm,duplicate-risk,possible-duplicate-candidate,Medium,"Exact name+size match (32768 bytes) across 2 entries. Name+size is a heuristic, not a content-hash proof (RISK_REGISTER R8).",true
CLS-20260802-160137,INV-20260802-142008,Music,/Users/eduardofgiovannini/Music/Music/Previous Libraries.localized/Music Library [2026-07-08 14.12.27].musiclibrary/com.apple.MusicKit/downloaded_catalog_data/MusicCatalogData.db-shm,Music/Previous Libraries.localized/Music Library [2026-07-08 14.12.27].musiclibrary/com.apple.MusicKit/downloaded_catalog_data/MusicCatalogData.db-shm,duplicate-risk,possible-duplicate-candidate,Medium,"Exact name+size match (32768 bytes) across 2 entries. Name+size is a heuristic, not a content-hash proof (RISK_REGISTER R8).",true
CLS-20260802-160137,INV-20260802-142008,Music,/Users/eduardofgiovannini/Music/Music/Music Library.musiclibrary/Extras.itdb,Music/Music Library.musiclibrary/Extras.itdb,duplicate-risk,possible-duplicate-candidate,Medium,"Exact name+size match (16384 bytes) across 2 entries. Name+size is a heuristic, not a content-hash proof (RISK_REGISTER R8).",true
CLS-20260802-160137,INV-20260802-142008,Music,/Users/eduardofgiovannini/Music/Music/Previous Libraries.localized/Music Library [2026-07-08 14.12.27].musiclibrary/Extras.itdb,Music/Previous Libraries.localized/Music Library [2026-07-08 14.12.27].musiclibrary/Extras.itdb,duplicate-risk,possible-duplicate-candidate,Medium,"Exact name+size match (16384 bytes) across 2 entries. Name+size is a heuristic, not a content-hash proof (RISK_REGISTER R8).",true
CLS-20260802-160137,INV-20260802-142008,Music,/Users/eduardofgiovannini/Music/Music/Music Library.musiclibrary/sentinel,Music/Music Library.musiclibrary/sentinel,duplicate-risk,possible-duplicate-candidate,Medium,"Exact name+size match (8 bytes) across 2 entries. Name+size is a heuristic, not a content-hash proof (RISK_REGISTER R8).",true
CLS-20260802-160137,INV-20260802-142008,Music,/Users/eduardofgiovannini/Music/Music/Previous Libraries.localized/Music Library [2026-07-08 14.12.27].musiclibrary/sentinel,Music/Previous Libraries.localized/Music Library [2026-07-08 14.12.27].musiclibrary/sentinel,duplicate-risk,possible-duplicate-candidate,Medium,"Exact name+size match (8 bytes) across 2 entries. Name+size is a heuristic, not a content-hash proof (RISK_REGISTER R8).",true
CLS-20260802-160137,INV-20260802-142008,Music,/Users/eduardofgiovannini/Music/Music/Music Library.musiclibrary/Genius.itdb,Music/Music Library.musiclibrary/Genius.itdb,duplicate-risk,possible-duplicate-candidate,Medium,"Exact name+size match (200704 bytes) across 2 entries. Name+size is a heuristic, not a content-hash proof (RISK_REGISTER R8).",true
CLS-20260802-160137,INV-20260802-142008,Music,/Users/eduardofgiovannini/Music/Music/Previous Libraries.localized/Music Library [2026-07-08 14.12.27].musiclibrary/Genius.itdb,Music/Previous Libraries.localized/Music Library [2026-07-08 14.12.27].musiclibrary/Genius.itdb,duplicate-risk,possible-duplicate-candidate,Medium,"Exact name+size match (200704 bytes) across 2 entries. Name+size is a heuristic, not a content-hash proof (RISK_REGISTER R8).",true
CLS-20260802-160137,INV-20260802-142008,Music,/Users/eduardofgiovannini/Music/Music/Media.localized/.localized/id.strings,Music/Media.localized/.localized/id.strings,duplicate-risk,same-name-different-size,Low,3 entries share the name 'id.strings' with differing sizes — possibly different revisions.,true
CLS-20260802-160137,INV-20260802-142008,Music,/Users/eduardofgiovannini/Music/Music/Media.localized/Automatically Add to Music.localized/.localized/id.strings,Music/Media.localized/Automatically Add to Music.localized/.localized/id.strings,duplicate-risk,same-name-different-size,Low,3 entries share the name 'id.strings' with differing sizes — possibly different revisions.,true
CLS-20260802-160137,INV-20260802-142008,Music,/Users/eduardofgiovannini/Music/Music/Previous Libraries.localized/.localized/id.strings,Music/Previous Libraries.localized/.localized/id.strings,duplicate-risk,same-name-different-size,Low,3 entries share the name 'id.strings' with differing sizes — possibly different revisions.,true
CLS-20260802-160137,INV-20260802-142008,Music,/Users/eduardofgiovannini/Music/Music/Media.localized/.localized/es.strings,Music/Media.localized/.localized/es.strings,duplicate-risk,same-name-different-size,Low,3 entries share the name 'es.strings' with differing sizes — possibly different revisions.,true
CLS-20260802-160137,INV-20260802-142008,Music,/Users/eduardofgiovannini/Music/Music/Media.localized/Automatically Add to Music.localized/.localized/es.strings,Music/Media.localized/Automatically Add to Music.localized/.localized/es.strings,duplicate-risk,same-name-different-size,Low,3 entries share the name 'es.strings' with differing sizes — possibly different revisions.,true
CLS-20260802-160137,INV-20260802-142008,Music,/Users/eduardofgiovannini/Music/Music/Previous Libraries.localized/.localized/es.strings,Music/Previous Libraries.localized/.localized/es.strings,duplicate-risk,same-name-different-size,Low,3 entries share the name 'es.strings' with differing sizes — possibly different revisions.,true
CLS-20260802-160137,INV-20260802-142008,Music,/Users/eduardofgiovannini/Music/Music/Media.localized/.localized/no.strings,Music/Media.localized/.localized/no.strings,duplicate-risk,same-name-different-size,Low,3 entries share the name 'no.strings' with differing sizes — possibly different revisions.,true
CLS-20260802-160137,INV-20260802-142008,Music,/Users/eduardofgiovannini/Music/Music/Media.localized/Automatically Add to Music.localized/.localized/no.strings,Music/Media.localized/Automatically Add to Music.localized/.localized/no.strings,duplicate-risk,same-name-different-size,Low,3 entries share the name 'no.strings' with differing sizes — possibly different revisions.,true
CLS-20260802-160137,INV-20260802-142008,Music,/Users/eduardofgiovannini/Music/Music/Previous Libraries.localized/.localized/no.strings,Music/Previous Libraries.localized/.localized/no.strings,duplicate-risk,same-name-different-size,Low,3 entries share the name 'no.strings' with differing sizes — possibly different revisions.,true
CLS-20260802-160137,INV-20260802-142008,Music,/Users/eduardofgiovannini/Music/Music/Media.localized/.localized/zh_TW.strings,Music/Media.localized/.localized/zh_TW.strings,duplicate-risk,same-name-different-size,Low,3 entries share the name 'zh_TW.strings' with differing sizes — possibly different revisions.,true
CLS-20260802-160137,INV-20260802-142008,Music,/Users/eduardofgiovannini/Music/Music/Media.localized/Automatically Add to Music.localized/.localized/zh_TW.strings,Music/Media.localized/Automatically Add to Music.localized/.localized/zh_TW.strings,duplicate-risk,same-name-different-size,Low,3 entries share the name 'zh_TW.strings' with differing sizes — possibly different revisions.,true
CLS-20260802-160137,INV-20260802-142008,Music,/Users/eduardofgiovannini/Music/Music/Previous Libraries.localized/.localized/zh_TW.strings,Music/Previous Libraries.localized/.localized/zh_TW.strings,duplicate-risk,same-name-different-size,Low,3 entries share the name 'zh_TW.strings' with differing sizes — possibly different revisions.,true
CLS-20260802-160137,INV-20260802-142008,Music,/Users/eduardofgiovannini/Music/Music/Media.localized/.localized/fi.strings,Music/Media.localized/.localized/fi.strings,duplicate-risk,same-name-different-size,Low,3 entries share the name 'fi.strings' with differing sizes — possibly different revisions.,true
CLS-20260802-160137,INV-20260802-142008,Music,/Users/eduardofgiovannini/Music/Music/Media.localized/Automatically Add to Music.localized/.localized/fi.strings,Music/Media.localized/Automatically Add to Music.localized/.localized/fi.strings,duplicate-risk,same-name-different-size,Low,3 entries share the name 'fi.strings' with differing sizes — possibly different revisions.,true
CLS-20260802-160137,INV-20260802-142008,Music,/Users/eduardofgiovannini/Music/Music/Previous Libraries.localized/.localized/fi.strings,Music/Previous Libraries.localized/.localized/fi.strings,duplicate-risk,same-name-different-size,Low,3 entries share the name 'fi.strings' with differing sizes — possibly different revisions.,true
CLS-20260802-160137,INV-20260802-142008,Music,/Users/eduardofgiovannini/Music/Music/Media.localized/.localized/ru.strings,Music/Media.localized/.localized/ru.strings,duplicate-risk,same-name-different-size,Low,3 entries share the name 'ru.strings' with differing sizes — possibly different revisions.,true
CLS-20260802-160137,INV-20260802-142008,Music,/Users/eduardofgiovannini/Music/Music/Media.localized/Automatically Add to Music.localized/.localized/ru.strings,Music/Media.localized/Automatically Add to Music.localized/.localized/ru.strings,duplicate-risk,same-name-different-size,Low,3 entries share the name 'ru.strings' with differing sizes — possibly different revisions.,true
CLS-20260802-160137,INV-20260802-142008,Music,/Users/eduardofgiovannini/Music/Music/Previous Libraries.localized/.localized/ru.strings,Music/Previous Libraries.localized/.localized/ru.strings,duplicate-risk,same-name-different-size,Low,3 entries share the name 'ru.strings' with differing sizes — possibly different revisions.,true
CLS-20260802-160137,INV-20260802-142008,Music,/Users/eduardofgiovannini/Music/Music/Media.localized/.localized/en.strings,Music/Media.localized/.localized/en.strings,duplicate-risk,same-name-different-size,Low,3 entries share the name 'en.strings' with differing sizes — possibly different revisions.,true
CLS-20260802-160137,INV-20260802-142008,Music,/Users/eduardofgiovannini/Music/Music/Media.localized/Automatically Add to Music.localized/.localized/en.strings,Music/Media.localized/Automatically Add to Music.localized/.localized/en.strings,duplicate-risk,same-name-different-size,Low,3 entries share the name 'en.strings' with differing sizes — possibly different revisions.,true
CLS-20260802-160137,INV-20260802-142008,Music,/Users/eduardofgiovannini/Music/Music/Previous Libraries.localized/.localized/en.strings,Music/Previous Libraries.localized/.localized/en.strings,duplicate-risk,same-name-different-size,Low,3 entries share the name 'en.strings' with differing sizes — possibly different revisions.,true
CLS-20260802-160137,INV-20260802-142008,Music,/Users/eduardofgiovannini/Music/Music/Media.localized/.localized/es_419.strings,Music/Media.localized/.localized/es_419.strings,duplicate-risk,same-name-different-size,Low,3 entries share the name 'es_419.strings' with differing sizes — possibly different revisions.,true
CLS-20260802-160137,INV-20260802-142008,Music,/Users/eduardofgiovannini/Music/Music/Media.localized/Automatically Add to Music.localized/.localized/es_419.strings,Music/Media.localized/Automatically Add to Music.localized/.localized/es_419.strings,duplicate-risk,same-name-different-size,Low,3 entries share the name 'es_419.strings' with differing sizes — possibly different revisions.,true
CLS-20260802-160137,INV-20260802-142008,Music,/Users/eduardofgiovannini/Music/Music/Previous Libraries.localized/.localized/es_419.strings,Music/Previous Libraries.localized/.localized/es_419.strings,duplicate-risk,same-name-different-size,Low,3 entries share the name 'es_419.strings' with differing sizes — possibly different revisions.,true
CLS-20260802-160137,INV-20260802-142008,Music,/Users/eduardofgiovannini/Music/Music/Media.localized/.localized/he.strings,Music/Media.localized/.localized/he.strings,duplicate-risk,same-name-different-size,Low,3 entries share the name 'he.strings' with differing sizes — possibly different revisions.,true
CLS-20260802-160137,INV-20260802-142008,Music,/Users/eduardofgiovannini/Music/Music/Media.localized/Automatically Add to Music.localized/.localized/he.strings,Music/Media.localized/Automatically Add to Music.localized/.localized/he.strings,duplicate-risk,same-name-different-size,Low,3 entries share the name 'he.strings' with differing sizes — possibly different revisions.,true
CLS-20260802-160137,INV-20260802-142008,Music,/Users/eduardofgiovannini/Music/Music/Previous Libraries.localized/.localized/he.strings,Music/Previous Libraries.localized/.localized/he.strings,duplicate-risk,same-name-different-size,Low,3 entries share the name 'he.strings' with differing sizes — possibly different revisions.,true
CLS-20260802-160137,INV-20260802-142008,Music,/Users/eduardofgiovannini/Music/Music/Media.localized/.localized/uk.strings,Music/Media.localized/.localized/uk.strings,duplicate-risk,same-name-different-size,Low,3 entries share the name 'uk.strings' with differing sizes — possibly different revisions.,true
CLS-20260802-160137,INV-20260802-142008,Music,/Users/eduardofgiovannini/Music/Music/Media.localized/Automatically Add to Music.localized/.localized/uk.strings,Music/Media.localized/Automatically Add to Music.localized/.localized/uk.strings,duplicate-risk,same-name-different-size,Low,3 entries share the name 'uk.strings' with differing sizes — possibly different revisions.,true
CLS-20260802-160137,INV-20260802-142008,Music,/Users/eduardofgiovannini/Music/Music/Previous Libraries.localized/.localized/uk.strings,Music/Previous Libraries.localized/.localized/uk.strings,duplicate-risk,same-name-different-size,Low,3 entries share the name 'uk.strings' with differing sizes — possibly different revisions.,true
CLS-20260802-160137,INV-20260802-142008,Music,/Users/eduardofgiovannini/Music/Music/Media.localized/.localized/fr_CA.strings,Music/Media.localized/.localized/fr_CA.strings,duplicate-risk,same-name-different-size,Low,3 entries share the name 'fr_CA.strings' with differing sizes — possibly different revisions.,true
CLS-20260802-160137,INV-20260802-142008,Music,/Users/eduardofgiovannini/Music/Music/Media.localized/Automatically Add to Music.localized/.localized/fr_CA.strings,Music/Media.localized/Automatically Add to Music.localized/.localized/fr_CA.strings,duplicate-risk,same-name-different-size,Low,3 entries share the name 'fr_CA.strings' with differing sizes — possibly different revisions.,true
CLS-20260802-160137,INV-20260802-142008,Music,/Users/eduardofgiovannini/Music/Music/Previous Libraries.localized/.localized/fr_CA.strings,Music/Previous Libraries.localized/.localized/fr_CA.strings,duplicate-risk,same-name-different-size,Low,3 entries share the name 'fr_CA.strings' with differing sizes — possibly different revisions.,true
CLS-20260802-160137,INV-20260802-142008,Music,/Users/eduardofgiovannini/Music/Music/Media.localized/.localized/nl.strings,Music/Media.localized/.localized/nl.strings,duplicate-risk,same-name-different-size,Low,3 entries share the name 'nl.strings' with differing sizes — possibly different revisions.,true
CLS-20260802-160137,INV-20260802-142008,Music,/Users/eduardofgiovannini/Music/Music/Media.localized/Automatically Add to Music.localized/.localized/nl.strings,Music/Media.localized/Automatically Add to Music.localized/.localized/nl.strings,duplicate-risk,same-name-different-size,Low,3 entries share the name 'nl.strings' with differing sizes — possibly different revisions.,true
CLS-20260802-160137,INV-20260802-142008,Music,/Users/eduardofgiovannini/Music/Music/Previous Libraries.localized/.localized/nl.strings,Music/Previous Libraries.localized/.localized/nl.strings,duplicate-risk,same-name-different-size,Low,3 entries share the name 'nl.strings' with differing sizes — possibly different revisions.,true
CLS-20260802-160137,INV-20260802-142008,Music,/Users/eduardofgiovannini/Music/Music/Media.localized/.localized/de.strings,Music/Media.localized/.localized/de.strings,duplicate-risk,same-name-different-size,Low,3 entries share the name 'de.strings' with differing sizes — possibly different revisions.,true
CLS-20260802-160137,INV-20260802-142008,Music,/Users/eduardofgiovannini/Music/Music/Media.localized/Automatically Add to Music.localized/.localized/de.strings,Music/Media.localized/Automatically Add to Music.localized/.localized/de.strings,duplicate-risk,same-name-different-size,Low,3 entries share the name 'de.strings' with differing sizes — possibly different revisions.,true
CLS-20260802-160137,INV-20260802-142008,Music,/Users/eduardofgiovannini/Music/Music/Previous Libraries.localized/.localized/de.strings,Music/Previous Libraries.localized/.localized/de.strings,duplicate-risk,same-name-different-size,Low,3 entries share the name 'de.strings' with differing sizes — possibly different revisions.,true
CLS-20260802-160137,INV-20260802-142008,Music,/Users/eduardofgiovannini/Music/Music/Media.localized/.localized/ja.strings,Music/Media.localized/.localized/ja.strings,duplicate-risk,same-name-different-size,Low,3 entries share the name 'ja.strings' with differing sizes — possibly different revisions.,true
CLS-20260802-160137,INV-20260802-142008,Music,/Users/eduardofgiovannini/Music/Music/Media.localized/Automatically Add to Music.localized/.localized/ja.strings,Music/Media.localized/Automatically Add to Music.localized/.localized/ja.strings,duplicate-risk,same-name-different-size,Low,3 entries share the name 'ja.strings' with differing sizes — possibly different revisions.,true
CLS-20260802-160137,INV-20260802-142008,Music,/Users/eduardofgiovannini/Music/Music/Previous Libraries.localized/.localized/ja.strings,Music/Previous Libraries.localized/.localized/ja.strings,duplicate-risk,same-name-different-size,Low,3 entries share the name 'ja.strings' with differing sizes — possibly different revisions.,true
CLS-20260802-160137,INV-20260802-142008,Music,/Users/eduardofgiovannini/Music/Music/Media.localized/.localized/sk.strings,Music/Media.localized/.localized/sk.strings,duplicate-risk,same-name-different-size,Low,3 entries share the name 'sk.strings' with differing sizes — possibly different revisions.,true
CLS-20260802-160137,INV-20260802-142008,Music,/Users/eduardofgiovannini/Music/Music/Media.localized/Automatically Add to Music.localized/.localized/sk.strings,Music/Media.localized/Automatically Add to Music.localized/.localized/sk.strings,duplicate-risk,same-name-different-size,Low,3 entries share the name 'sk.strings' with differing sizes — possibly different revisions.,true
CLS-20260802-160137,INV-20260802-142008,Music,/Users/eduardofgiovannini/Music/Music/Previous Libraries.localized/.localized/sk.strings,Music/Previous Libraries.localized/.localized/sk.strings,duplicate-risk,same-name-different-size,Low,3 entries share the name 'sk.strings' with differing sizes — possibly different revisions.,true
CLS-20260802-160137,INV-20260802-142008,Music,/Users/eduardofgiovannini/Music/Music/Media.localized/.localized/hr.strings,Music/Media.localized/.localized/hr.strings,duplicate-risk,same-name-different-size,Low,3 entries share the name 'hr.strings' with differing sizes — possibly different revisions.,true
CLS-20260802-160137,INV-20260802-142008,Music,/Users/eduardofgiovannini/Music/Music/Media.localized/Automatically Add to Music.localized/.localized/hr.strings,Music/Media.localized/Automatically Add to Music.localized/.localized/hr.strings,duplicate-risk,same-name-different-size,Low,3 entries share the name 'hr.strings' with differing sizes — possibly different revisions.,true
CLS-20260802-160137,INV-20260802-142008,Music,/Users/eduardofgiovannini/Music/Music/Previous Libraries.localized/.localized/hr.strings,Music/Previous Libraries.localized/.localized/hr.strings,duplicate-risk,same-name-different-size,Low,3 entries share the name 'hr.strings' with differing sizes — possibly different revisions.,true
CLS-20260802-160137,INV-20260802-142008,Music,/Users/eduardofgiovannini/Music/Music/Media.localized/.localized/el.strings,Music/Media.localized/.localized/el.strings,duplicate-risk,same-name-different-size,Low,3 entries share the name 'el.strings' with differing sizes — possibly different revisions.,true
CLS-20260802-160137,INV-20260802-142008,Music,/Users/eduardofgiovannini/Music/Music/Media.localized/Automatically Add to Music.localized/.localized/el.strings,Music/Media.localized/Automatically Add to Music.localized/.localized/el.strings,duplicate-risk,same-name-different-size,Low,3 entries share the name 'el.strings' with differing sizes — possibly different revisions.,true
CLS-20260802-160137,INV-20260802-142008,Music,/Users/eduardofgiovannini/Music/Music/Previous Libraries.localized/.localized/el.strings,Music/Previous Libraries.localized/.localized/el.strings,duplicate-risk,same-name-different-size,Low,3 entries share the name 'el.strings' with differing sizes — possibly different revisions.,true
CLS-20260802-160137,INV-20260802-142008,Music,/Users/eduardofgiovannini/Music/Music/Media.localized/.localized/th.strings,Music/Media.localized/.localized/th.strings,duplicate-risk,same-name-different-size,Low,3 entries share the name 'th.strings' with differing sizes — possibly different revisions.,true
CLS-20260802-160137,INV-20260802-142008,Music,/Users/eduardofgiovannini/Music/Music/Media.localized/Automatically Add to Music.localized/.localized/th.strings,Music/Media.localized/Automatically Add to Music.localized/.localized/th.strings,duplicate-risk,same-name-different-size,Low,3 entries share the name 'th.strings' with differing sizes — possibly different revisions.,true
CLS-20260802-160137,INV-20260802-142008,Music,/Users/eduardofgiovannini/Music/Music/Previous Libraries.localized/.localized/th.strings,Music/Previous Libraries.localized/.localized/th.strings,duplicate-risk,same-name-different-size,Low,3 entries share the name 'th.strings' with differing sizes — possibly different revisions.,true
CLS-20260802-160137,INV-20260802-142008,Music,/Users/eduardofgiovannini/Music/Music/Media.localized/.localized/zh_CN.strings,Music/Media.localized/.localized/zh_CN.strings,duplicate-risk,same-name-different-size,Low,3 entries share the name 'zh_CN.strings' with differing sizes — possibly different revisions.,true
CLS-20260802-160137,INV-20260802-142008,Music,/Users/eduardofgiovannini/Music/Music/Media.localized/Automatically Add to Music.localized/.localized/zh_CN.strings,Music/Media.localized/Automatically Add to Music.localized/.localized/zh_CN.strings,duplicate-risk,same-name-different-size,Low,3 entries share the name 'zh_CN.strings' with differing sizes — possibly different revisions.,true
CLS-20260802-160137,INV-20260802-142008,Music,/Users/eduardofgiovannini/Music/Music/Previous Libraries.localized/.localized/zh_CN.strings,Music/Previous Libraries.localized/.localized/zh_CN.strings,duplicate-risk,same-name-different-size,Low,3 entries share the name 'zh_CN.strings' with differing sizes — possibly different revisions.,true
CLS-20260802-160137,INV-20260802-142008,Music,/Users/eduardofgiovannini/Music/Music/Media.localized/.localized/cs.strings,Music/Media.localized/.localized/cs.strings,duplicate-risk,same-name-different-size,Low,3 entries share the name 'cs.strings' with differing sizes — possibly different revisions.,true
CLS-20260802-160137,INV-20260802-142008,Music,/Users/eduardofgiovannini/Music/Music/Media.localized/Automatically Add to Music.localized/.localized/cs.strings,Music/Media.localized/Automatically Add to Music.localized/.localized/cs.strings,duplicate-risk,same-name-different-size,Low,3 entries share the name 'cs.strings' with differing sizes — possibly different revisions.,true
CLS-20260802-160137,INV-20260802-142008,Music,/Users/eduardofgiovannini/Music/Music/Previous Libraries.localized/.localized/cs.strings,Music/Previous Libraries.localized/.localized/cs.strings,duplicate-risk,same-name-different-size,Low,3 entries share the name 'cs.strings' with differing sizes — possibly different revisions.,true
CLS-20260802-160137,INV-20260802-142008,Music,/Users/eduardofgiovannini/Music/Music/Media.localized/.localized/sv.strings,Music/Media.localized/.localized/sv.strings,duplicate-risk,same-name-different-size,Low,3 entries share the name 'sv.strings' with differing sizes — possibly different revisions.,true
CLS-20260802-160137,INV-20260802-142008,Music,/Users/eduardofgiovannini/Music/Music/Media.localized/Automatically Add to Music.localized/.localized/sv.strings,Music/Media.localized/Automatically Add to Music.localized/.localized/sv.strings,duplicate-risk,same-name-different-size,Low,3 entries share the name 'sv.strings' with differing sizes — possibly different revisions.,true
CLS-20260802-160137,INV-20260802-142008,Music,/Users/eduardofgiovannini/Music/Music/Previous Libraries.localized/.localized/sv.strings,Music/Previous Libraries.localized/.localized/sv.strings,duplicate-risk,same-name-different-size,Low,3 entries share the name 'sv.strings' with differing sizes — possibly different revisions.,true
CLS-20260802-160137,INV-20260802-142008,Music,/Users/eduardofgiovannini/Music/Music/Media.localized/.localized/pl.strings,Music/Media.localized/.localized/pl.strings,duplicate-risk,same-name-different-size,Low,3 entries share the name 'pl.strings' with differing sizes — possibly different revisions.,true
CLS-20260802-160137,INV-20260802-142008,Music,/Users/eduardofgiovannini/Music/Music/Media.localized/Automatically Add to Music.localized/.localized/pl.strings,Music/Media.localized/Automatically Add to Music.localized/.localized/pl.strings,duplicate-risk,same-name-different-size,Low,3 entries share the name 'pl.strings' with differing sizes — possibly different revisions.,true
CLS-20260802-160137,INV-20260802-142008,Music,/Users/eduardofgiovannini/Music/Music/Previous Libraries.localized/.localized/pl.strings,Music/Previous Libraries.localized/.localized/pl.strings,duplicate-risk,same-name-different-size,Low,3 entries share the name 'pl.strings' with differing sizes — possibly different revisions.,true
CLS-20260802-160137,INV-20260802-142008,Music,/Users/eduardofgiovannini/Music/Music/Media.localized/.localized/zh_HK.strings,Music/Media.localized/.localized/zh_HK.strings,duplicate-risk,same-name-different-size,Low,3 entries share the name 'zh_HK.strings' with differing sizes — possibly different revisions.,true
CLS-20260802-160137,INV-20260802-142008,Music,/Users/eduardofgiovannini/Music/Music/Media.localized/Automatically Add to Music.localized/.localized/zh_HK.strings,Music/Media.localized/Automatically Add to Music.localized/.localized/zh_HK.strings,duplicate-risk,same-name-different-size,Low,3 entries share the name 'zh_HK.strings' with differing sizes — possibly different revisions.,true
CLS-20260802-160137,INV-20260802-142008,Music,/Users/eduardofgiovannini/Music/Music/Previous Libraries.localized/.localized/zh_HK.strings,Music/Previous Libraries.localized/.localized/zh_HK.strings,duplicate-risk,same-name-different-size,Low,3 entries share the name 'zh_HK.strings' with differing sizes — possibly different revisions.,true
CLS-20260802-160137,INV-20260802-142008,Music,/Users/eduardofgiovannini/Music/Music/Media.localized/.localized/en_GB.strings,Music/Media.localized/.localized/en_GB.strings,duplicate-risk,same-name-different-size,Low,3 entries share the name 'en_GB.strings' with differing sizes — possibly different revisions.,true
CLS-20260802-160137,INV-20260802-142008,Music,/Users/eduardofgiovannini/Music/Music/Media.localized/Automatically Add to Music.localized/.localized/en_GB.strings,Music/Media.localized/Automatically Add to Music.localized/.localized/en_GB.strings,duplicate-risk,same-name-different-size,Low,3 entries share the name 'en_GB.strings' with differing sizes — possibly different revisions.,true
CLS-20260802-160137,INV-20260802-142008,Music,/Users/eduardofgiovannini/Music/Music/Previous Libraries.localized/.localized/en_GB.strings,Music/Previous Libraries.localized/.localized/en_GB.strings,duplicate-risk,same-name-different-size,Low,3 entries share the name 'en_GB.strings' with differing sizes — possibly different revisions.,true
CLS-20260802-160137,INV-20260802-142008,Music,/Users/eduardofgiovannini/Music/Music/Media.localized/.localized/en_AU.strings,Music/Media.localized/.localized/en_AU.strings,duplicate-risk,same-name-different-size,Low,3 entries share the name 'en_AU.strings' with differing sizes — possibly different revisions.,true
CLS-20260802-160137,INV-20260802-142008,Music,/Users/eduardofgiovannini/Music/Music/Media.localized/Automatically Add to Music.localized/.localized/en_AU.strings,Music/Media.localized/Automatically Add to Music.localized/.localized/en_AU.strings,duplicate-risk,same-name-different-size,Low,3 entries share the name 'en_AU.strings' with differing sizes — possibly different revisions.,true
CLS-20260802-160137,INV-20260802-142008,Music,/Users/eduardofgiovannini/Music/Music/Previous Libraries.localized/.localized/en_AU.strings,Music/Previous Libraries.localized/.localized/en_AU.strings,duplicate-risk,same-name-different-size,Low,3 entries share the name 'en_AU.strings' with differing sizes — possibly different revisions.,true
CLS-20260802-160137,INV-20260802-142008,Music,/Users/eduardofgiovannini/Music/Music/Media.localized/.localized/da.strings,Music/Media.localized/.localized/da.strings,duplicate-risk,same-name-different-size,Low,3 entries share the name 'da.strings' with differing sizes — possibly different revisions.,true
CLS-20260802-160137,INV-20260802-142008,Music,/Users/eduardofgiovannini/Music/Music/Media.localized/Automatically Add to Music.localized/.localized/da.strings,Music/Media.localized/Automatically Add to Music.localized/.localized/da.strings,duplicate-risk,same-name-different-size,Low,3 entries share the name 'da.strings' with differing sizes — possibly different revisions.,true
CLS-20260802-160137,INV-20260802-142008,Music,/Users/eduardofgiovannini/Music/Music/Previous Libraries.localized/.localized/da.strings,Music/Previous Libraries.localized/.localized/da.strings,duplicate-risk,same-name-different-size,Low,3 entries share the name 'da.strings' with differing sizes — possibly different revisions.,true
CLS-20260802-160137,INV-20260802-142008,Music,/Users/eduardofgiovannini/Music/Music/Media.localized/.localized/fr.strings,Music/Media.localized/.localized/fr.strings,duplicate-risk,same-name-different-size,Low,3 entries share the name 'fr.strings' with differing sizes — possibly different revisions.,true
CLS-20260802-160137,INV-20260802-142008,Music,/Users/eduardofgiovannini/Music/Music/Media.localized/Automatically Add to Music.localized/.localized/fr.strings,Music/Media.localized/Automatically Add to Music.localized/.localized/fr.strings,duplicate-risk,same-name-different-size,Low,3 entries share the name 'fr.strings' with differing sizes — possibly different revisions.,true
CLS-20260802-160137,INV-20260802-142008,Music,/Users/eduardofgiovannini/Music/Music/Previous Libraries.localized/.localized/fr.strings,Music/Previous Libraries.localized/.localized/fr.strings,duplicate-risk,same-name-different-size,Low,3 entries share the name 'fr.strings' with differing sizes — possibly different revisions.,true
CLS-20260802-160137,INV-20260802-142008,Music,/Users/eduardofgiovannini/Music/Music/Media.localized/.localized/ro.strings,Music/Media.localized/.localized/ro.strings,duplicate-risk,same-name-different-size,Low,3 entries share the name 'ro.strings' with differing sizes — possibly different revisions.,true
CLS-20260802-160137,INV-20260802-142008,Music,/Users/eduardofgiovannini/Music/Music/Media.localized/Automatically Add to Music.localized/.localized/ro.strings,Music/Media.localized/Automatically Add to Music.localized/.localized/ro.strings,duplicate-risk,same-name-different-size,Low,3 entries share the name 'ro.strings' with differing sizes — possibly different revisions.,true
CLS-20260802-160137,INV-20260802-142008,Music,/Users/eduardofgiovannini/Music/Music/Previous Libraries.localized/.localized/ro.strings,Music/Previous Libraries.localized/.localized/ro.strings,duplicate-risk,same-name-different-size,Low,3 entries share the name 'ro.strings' with differing sizes — possibly different revisions.,true
CLS-20260802-160137,INV-20260802-142008,Music,/Users/eduardofgiovannini/Music/Music/Media.localized/.localized/pt.strings,Music/Media.localized/.localized/pt.strings,duplicate-risk,same-name-different-size,Low,3 entries share the name 'pt.strings' with differing sizes — possibly different revisions.,true
CLS-20260802-160137,INV-20260802-142008,Music,/Users/eduardofgiovannini/Music/Music/Media.localized/Automatically Add to Music.localized/.localized/pt.strings,Music/Media.localized/Automatically Add to Music.localized/.localized/pt.strings,duplicate-risk,same-name-different-size,Low,3 entries share the name 'pt.strings' with differing sizes — possibly different revisions.,true
CLS-20260802-160137,INV-20260802-142008,Music,/Users/eduardofgiovannini/Music/Music/Previous Libraries.localized/.localized/pt.strings,Music/Previous Libraries.localized/.localized/pt.strings,duplicate-risk,same-name-different-size,Low,3 entries share the name 'pt.strings' with differing sizes — possibly different revisions.,true
CLS-20260802-160137,INV-20260802-142008,Music,/Users/eduardofgiovannini/Music/Music/Media.localized/.localized/pt_PT.strings,Music/Media.localized/.localized/pt_PT.strings,duplicate-risk,same-name-different-size,Low,3 entries share the name 'pt_PT.strings' with differing sizes — possibly different revisions.,true
CLS-20260802-160137,INV-20260802-142008,Music,/Users/eduardofgiovannini/Music/Music/Media.localized/Automatically Add to Music.localized/.localized/pt_PT.strings,Music/Media.localized/Automatically Add to Music.localized/.localized/pt_PT.strings,duplicate-risk,same-name-different-size,Low,3 entries share the name 'pt_PT.strings' with differing sizes — possibly different revisions.,true
CLS-20260802-160137,INV-20260802-142008,Music,/Users/eduardofgiovannini/Music/Music/Previous Libraries.localized/.localized/pt_PT.strings,Music/Previous Libraries.localized/.localized/pt_PT.strings,duplicate-risk,same-name-different-size,Low,3 entries share the name 'pt_PT.strings' with differing sizes — possibly different revisions.,true
CLS-20260802-160137,INV-20260802-142008,Music,/Users/eduardofgiovannini/Music/Music/Media.localized/.localized/ms.strings,Music/Media.localized/.localized/ms.strings,duplicate-risk,same-name-different-size,Low,3 entries share the name 'ms.strings' with differing sizes — possibly different revisions.,true
CLS-20260802-160137,INV-20260802-142008,Music,/Users/eduardofgiovannini/Music/Music/Media.localized/Automatically Add to Music.localized/.localized/ms.strings,Music/Media.localized/Automatically Add to Music.localized/.localized/ms.strings,duplicate-risk,same-name-different-size,Low,3 entries share the name 'ms.strings' with differing sizes — possibly different revisions.,true
CLS-20260802-160137,INV-20260802-142008,Music,/Users/eduardofgiovannini/Music/Music/Previous Libraries.localized/.localized/ms.strings,Music/Previous Libraries.localized/.localized/ms.strings,duplicate-risk,same-name-different-size,Low,3 entries share the name 'ms.strings' with differing sizes — possibly different revisions.,true
CLS-20260802-160137,INV-20260802-142008,Music,/Users/eduardofgiovannini/Music/Music/Media.localized/.localized/ko.strings,Music/Media.localized/.localized/ko.strings,duplicate-risk,same-name-different-size,Low,3 entries share the name 'ko.strings' with differing sizes — possibly different revisions.,true
CLS-20260802-160137,INV-20260802-142008,Music,/Users/eduardofgiovannini/Music/Music/Media.localized/Automatically Add to Music.localized/.localized/ko.strings,Music/Media.localized/Automatically Add to Music.localized/.localized/ko.strings,duplicate-risk,same-name-different-size,Low,3 entries share the name 'ko.strings' with differing sizes — possibly different revisions.,true
CLS-20260802-160137,INV-20260802-142008,Music,/Users/eduardofgiovannini/Music/Music/Previous Libraries.localized/.localized/ko.strings,Music/Previous Libraries.localized/.localized/ko.strings,duplicate-risk,same-name-different-size,Low,3 entries share the name 'ko.strings' with differing sizes — possibly different revisions.,true
CLS-20260802-160137,INV-20260802-142008,Music,/Users/eduardofgiovannini/Music/Music/Media.localized/.localized/sl.strings,Music/Media.localized/.localized/sl.strings,duplicate-risk,same-name-different-size,Low,3 entries share the name 'sl.strings' with differing sizes — possibly different revisions.,true
CLS-20260802-160137,INV-20260802-142008,Music,/Users/eduardofgiovannini/Music/Music/Media.localized/Automatically Add to Music.localized/.localized/sl.strings,Music/Media.localized/Automatically Add to Music.localized/.localized/sl.strings,duplicate-risk,same-name-different-size,Low,3 entries share the name 'sl.strings' with differing sizes — possibly different revisions.,true
CLS-20260802-160137,INV-20260802-142008,Music,/Users/eduardofgiovannini/Music/Music/Previous Libraries.localized/.localized/sl.strings,Music/Previous Libraries.localized/.localized/sl.strings,duplicate-risk,same-name-different-size,Low,3 entries share the name 'sl.strings' with differing sizes — possibly different revisions.,true
CLS-20260802-160137,INV-20260802-142008,Music,/Users/eduardofgiovannini/Music/Music/Media.localized/.localized/hu.strings,Music/Media.localized/.localized/hu.strings,duplicate-risk,same-name-different-size,Low,3 entries share the name 'hu.strings' with differing sizes — possibly different revisions.,true
CLS-20260802-160137,INV-20260802-142008,Music,/Users/eduardofgiovannini/Music/Music/Media.localized/Automatically Add to Music.localized/.localized/hu.strings,Music/Media.localized/Automatically Add to Music.localized/.localized/hu.strings,duplicate-risk,same-name-different-size,Low,3 entries share the name 'hu.strings' with differing sizes — possibly different revisions.,true
CLS-20260802-160137,INV-20260802-142008,Music,/Users/eduardofgiovannini/Music/Music/Previous Libraries.localized/.localized/hu.strings,Music/Previous Libraries.localized/.localized/hu.strings,duplicate-risk,same-name-different-size,Low,3 entries share the name 'hu.strings' with differing sizes — possibly different revisions.,true
CLS-20260802-160137,INV-20260802-142008,Music,/Users/eduardofgiovannini/Music/Music/Media.localized/.localized/hi.strings,Music/Media.localized/.localized/hi.strings,duplicate-risk,same-name-different-size,Low,3 entries share the name 'hi.strings' with differing sizes — possibly different revisions.,true
CLS-20260802-160137,INV-20260802-142008,Music,/Users/eduardofgiovannini/Music/Music/Media.localized/Automatically Add to Music.localized/.localized/hi.strings,Music/Media.localized/Automatically Add to Music.localized/.localized/hi.strings,duplicate-risk,same-name-different-size,Low,3 entries share the name 'hi.strings' with differing sizes — possibly different revisions.,true
CLS-20260802-160137,INV-20260802-142008,Music,/Users/eduardofgiovannini/Music/Music/Previous Libraries.localized/.localized/hi.strings,Music/Previous Libraries.localized/.localized/hi.strings,duplicate-risk,same-name-different-size,Low,3 entries share the name 'hi.strings' with differing sizes — possibly different revisions.,true
CLS-20260802-160137,INV-20260802-142008,Music,/Users/eduardofgiovannini/Music/Music/Media.localized/.localized/tr.strings,Music/Media.localized/.localized/tr.strings,duplicate-risk,same-name-different-size,Low,3 entries share the name 'tr.strings' with differing sizes — possibly different revisions.,true
CLS-20260802-160137,INV-20260802-142008,Music,/Users/eduardofgiovannini/Music/Music/Media.localized/Automatically Add to Music.localized/.localized/tr.strings,Music/Media.localized/Automatically Add to Music.localized/.localized/tr.strings,duplicate-risk,same-name-different-size,Low,3 entries share the name 'tr.strings' with differing sizes — possibly different revisions.,true
CLS-20260802-160137,INV-20260802-142008,Music,/Users/eduardofgiovannini/Music/Music/Previous Libraries.localized/.localized/tr.strings,Music/Previous Libraries.localized/.localized/tr.strings,duplicate-risk,same-name-different-size,Low,3 entries share the name 'tr.strings' with differing sizes — possibly different revisions.,true
CLS-20260802-160137,INV-20260802-142008,Music,/Users/eduardofgiovannini/Music/Music/Media.localized/.localized/vi.strings,Music/Media.localized/.localized/vi.strings,duplicate-risk,same-name-different-size,Low,3 entries share the name 'vi.strings' with differing sizes — possibly different revisions.,true
CLS-20260802-160137,INV-20260802-142008,Music,/Users/eduardofgiovannini/Music/Music/Media.localized/Automatically Add to Music.localized/.localized/vi.strings,Music/Media.localized/Automatically Add to Music.localized/.localized/vi.strings,duplicate-risk,same-name-different-size,Low,3 entries share the name 'vi.strings' with differing sizes — possibly different revisions.,true
CLS-20260802-160137,INV-20260802-142008,Music,/Users/eduardofgiovannini/Music/Music/Previous Libraries.localized/.localized/vi.strings,Music/Previous Libraries.localized/.localized/vi.strings,duplicate-risk,same-name-different-size,Low,3 entries share the name 'vi.strings' with differing sizes — possibly different revisions.,true
CLS-20260802-160137,INV-20260802-142008,Music,/Users/eduardofgiovannini/Music/Music/Media.localized/.localized/es_US.strings,Music/Media.localized/.localized/es_US.strings,duplicate-risk,same-name-different-size,Low,3 entries share the name 'es_US.strings' with differing sizes — possibly different revisions.,true
CLS-20260802-160137,INV-20260802-142008,Music,/Users/eduardofgiovannini/Music/Music/Media.localized/Automatically Add to Music.localized/.localized/es_US.strings,Music/Media.localized/Automatically Add to Music.localized/.localized/es_US.strings,duplicate-risk,same-name-different-size,Low,3 entries share the name 'es_US.strings' with differing sizes — possibly different revisions.,true
CLS-20260802-160137,INV-20260802-142008,Music,/Users/eduardofgiovannini/Music/Music/Previous Libraries.localized/.localized/es_US.strings,Music/Previous Libraries.localized/.localized/es_US.strings,duplicate-risk,same-name-different-size,Low,3 entries share the name 'es_US.strings' with differing sizes — possibly different revisions.,true
CLS-20260802-160137,INV-20260802-142008,Music,/Users/eduardofgiovannini/Music/Music/Media.localized/.localized/ca.strings,Music/Media.localized/.localized/ca.strings,duplicate-risk,same-name-different-size,Low,3 entries share the name 'ca.strings' with differing sizes — possibly different revisions.,true
CLS-20260802-160137,INV-20260802-142008,Music,/Users/eduardofgiovannini/Music/Music/Media.localized/Automatically Add to Music.localized/.localized/ca.strings,Music/Media.localized/Automatically Add to Music.localized/.localized/ca.strings,duplicate-risk,same-name-different-size,Low,3 entries share the name 'ca.strings' with differing sizes — possibly different revisions.,true
CLS-20260802-160137,INV-20260802-142008,Music,/Users/eduardofgiovannini/Music/Music/Previous Libraries.localized/.localized/ca.strings,Music/Previous Libraries.localized/.localized/ca.strings,duplicate-risk,same-name-different-size,Low,3 entries share the name 'ca.strings' with differing sizes — possibly different revisions.,true
CLS-20260802-160137,INV-20260802-142008,Music,/Users/eduardofgiovannini/Music/Music/Media.localized/.localized/ar.strings,Music/Media.localized/.localized/ar.strings,duplicate-risk,same-name-different-size,Low,3 entries share the name 'ar.strings' with differing sizes — possibly different revisions.,true
CLS-20260802-160137,INV-20260802-142008,Music,/Users/eduardofgiovannini/Music/Music/Media.localized/Automatically Add to Music.localized/.localized/ar.strings,Music/Media.localized/Automatically Add to Music.localized/.localized/ar.strings,duplicate-risk,same-name-different-size,Low,3 entries share the name 'ar.strings' with differing sizes — possibly different revisions.,true
CLS-20260802-160137,INV-20260802-142008,Music,/Users/eduardofgiovannini/Music/Music/Previous Libraries.localized/.localized/ar.strings,Music/Previous Libraries.localized/.localized/ar.strings,duplicate-risk,same-name-different-size,Low,3 entries share the name 'ar.strings' with differing sizes — possibly different revisions.,true
CLS-20260802-160137,INV-20260802-142008,Music,/Users/eduardofgiovannini/Music/Music/Media.localized/.localized/it.strings,Music/Media.localized/.localized/it.strings,duplicate-risk,same-name-different-size,Low,3 entries share the name 'it.strings' with differing sizes — possibly different revisions.,true
CLS-20260802-160137,INV-20260802-142008,Music,/Users/eduardofgiovannini/Music/Music/Media.localized/Automatically Add to Music.localized/.localized/it.strings,Music/Media.localized/Automatically Add to Music.localized/.localized/it.strings,duplicate-risk,same-name-different-size,Low,3 entries share the name 'it.strings' with differing sizes — possibly different revisions.,true
CLS-20260802-160137,INV-20260802-142008,Music,/Users/eduardofgiovannini/Music/Music/Previous Libraries.localized/.localized/it.strings,Music/Previous Libraries.localized/.localized/it.strings,duplicate-risk,same-name-different-size,Low,3 entries share the name 'it.strings' with differing sizes — possibly different revisions.,true
CLS-20260802-160137,INV-20260802-142008,Music,/Users/eduardofgiovannini/Music/Music/Media.localized/Downloads-Music/Estrada da Vida _ Milionário & José Rico (Edição Especial) _ Milionário & José Rico.tmp/download.m4p,Music/Media.localized/Downloads-Music/Estrada da Vida _ Milionário & José Rico (Edição Especial) _ Milionário & José Rico.tmp/download.m4p,duplicate-risk,same-name-different-size,Low,3 entries share the name 'download.m4p' with differing sizes — possibly different revisions.,true
CLS-20260802-160137,INV-20260802-142008,Music,/Users/eduardofgiovannini/Music/Music/Media.localized/Downloads-Music/De Longe Também Se Ama _ Milionário & José Rico (Edição Especial) _ Milionário & José Rico.tmp/download.m4p,Music/Media.localized/Downloads-Music/De Longe Também Se Ama _ Milionário & José Rico (Edição Especial) _ Milionário & José Rico.tmp/download.m4p,duplicate-risk,same-name-different-size,Low,3 entries share the name 'download.m4p' with differing sizes — possibly different revisions.,true
CLS-20260802-160137,INV-20260802-142008,Music,/Users/eduardofgiovannini/Music/Music/Media.localized/Downloads-Music/Inversão de Valores _ Milionário & José Rico (Edição Especial) _ Milionário & José Rico.tmp/download.m4p,Music/Media.localized/Downloads-Music/Inversão de Valores _ Milionário & José Rico (Edição Especial) _ Milionário & José Rico.tmp/download.m4p,duplicate-risk,same-name-different-size,Low,3 entries share the name 'download.m4p' with differing sizes — possibly different revisions.,true
CLS-20260802-160137,INV-20260802-142008,Music,/Users/eduardofgiovannini/Music/Music/Music Library.musiclibrary/Preferences/Queue.dat,Music/Music Library.musiclibrary/Preferences/Queue.dat,duplicate-risk,same-name-different-size,Low,2 entries share the name 'Queue.dat' with differing sizes — possibly different revisions.,true
CLS-20260802-160137,INV-20260802-142008,Music,/Users/eduardofgiovannini/Music/Music/Previous Libraries.localized/Music Library [2026-07-08 14.12.27].musiclibrary/Preferences/Queue.dat,Music/Previous Libraries.localized/Music Library [2026-07-08 14.12.27].musiclibrary/Preferences/Queue.dat,duplicate-risk,same-name-different-size,Low,2 entries share the name 'Queue.dat' with differing sizes — possibly different revisions.,true
CLS-20260802-160137,INV-20260802-142008,Music,/Users/eduardofgiovannini/Music/Music/Music Library.musiclibrary/Preferences/History.dat,Music/Music Library.musiclibrary/Preferences/History.dat,duplicate-risk,same-name-different-size,Low,2 entries share the name 'History.dat' with differing sizes — possibly different revisions.,true
CLS-20260802-160137,INV-20260802-142008,Music,/Users/eduardofgiovannini/Music/Music/Previous Libraries.localized/Music Library [2026-07-08 14.12.27].musiclibrary/Preferences/History.dat,Music/Previous Libraries.localized/Music Library [2026-07-08 14.12.27].musiclibrary/Preferences/History.dat,duplicate-risk,same-name-different-size,Low,2 entries share the name 'History.dat' with differing sizes — possibly different revisions.,true
CLS-20260802-160137,INV-20260802-142008,Music,/Users/eduardofgiovannini/Music/Music/Music Library.musiclibrary/Application.musicdb,Music/Music Library.musiclibrary/Application.musicdb,duplicate-risk,same-name-different-size,Low,2 entries share the name 'Application.musicdb' with differing sizes — possibly different revisions.,true
CLS-20260802-160137,INV-20260802-142008,Music,/Users/eduardofgiovannini/Music/Music/Previous Libraries.localized/Music Library [2026-07-08 14.12.27].musiclibrary/Application.musicdb,Music/Previous Libraries.localized/Music Library [2026-07-08 14.12.27].musiclibrary/Application.musicdb,duplicate-risk,same-name-different-size,Low,2 entries share the name 'Application.musicdb' with differing sizes — possibly different revisions.,true
CLS-20260802-160137,INV-20260802-142008,Music,/Users/eduardofgiovannini/Music/Music/Music Library.musiclibrary/Library.musicdb,Music/Music Library.musiclibrary/Library.musicdb,duplicate-risk,same-name-different-size,Low,2 entries share the name 'Library.musicdb' with differing sizes — possibly different revisions.,true
CLS-20260802-160137,INV-20260802-142008,Music,/Users/eduardofgiovannini/Music/Music/Previous Libraries.localized/Music Library [2026-07-08 14.12.27].musiclibrary/Library.musicdb,Music/Previous Libraries.localized/Music Library [2026-07-08 14.12.27].musiclibrary/Library.musicdb,duplicate-risk,same-name-different-size,Low,2 entries share the name 'Library.musicdb' with differing sizes — possibly different revisions.,true
CLS-20260802-160137,INV-20260802-142008,Music,/Users/eduardofgiovannini/Music/Music/Music Library.musiclibrary/Library Preferences.musicdb,Music/Music Library.musiclibrary/Library Preferences.musicdb,duplicate-risk,same-name-different-size,Low,2 entries share the name 'Library Preferences.musicdb' with differing sizes — possibly different revisions.,true
CLS-20260802-160137,INV-20260802-142008,Music,/Users/eduardofgiovannini/Music/Music/Previous Libraries.localized/Music Library [2026-07-08 14.12.27].musiclibrary/Library Preferences.musicdb,Music/Previous Libraries.localized/Music Library [2026-07-08 14.12.27].musiclibrary/Library Preferences.musicdb,duplicate-risk,same-name-different-size,Low,2 entries share the name 'Library Preferences.musicdb' with differing sizes — possibly different revisions.,true
CLS-20260802-160137,INV-20260802-142008,Music,/Users/eduardofgiovannini/Music/Music/Music Library.musiclibrary/Preferences.plist,Music/Music Library.musiclibrary/Preferences.plist,duplicate-risk,same-name-different-size,Low,2 entries share the name 'Preferences.plist' with differing sizes — possibly different revisions.,true
CLS-20260802-160137,INV-20260802-142008,Music,/Users/eduardofgiovannini/Music/Music/Previous Libraries.localized/Music Library [2026-07-08 14.12.27].musiclibrary/Preferences.plist,Music/Previous Libraries.localized/Music Library [2026-07-08 14.12.27].musiclibrary/Preferences.plist,duplicate-risk,same-name-different-size,Low,2 entries share the name 'Preferences.plist' with differing sizes — possibly different revisions.,true
